,1,2,3,4,5,6,7,8,9,10
"""WILL POWER
""","('WARNINGS / self aware & listen', 1)","('DELUSION', 1)","('CRAVINGS / vulnerability & learning', 1)","('WORTHINESS / self love & acceptance', 0)","('WORTHINESS / new life & future', 0)","('WORTHINESS / help', 0)","('WORTHINESS / deserve & rewards', 0)","('WORTHINESS / connections & sharing', 0)","('WARNINGS / Relapse & tools', 0)","('WARNINGS / Avoid triggers', 0)"
ABSTINENCE,"('SOBRIETY / maintaining & will power', 2)","('SOBRIETY / costs & benefits', 2)","('MINDSET / no matter what', 2)","('INNER POWER / Self control & willpower', 2)","('COMMUNITY / healthy relationships', 2)","('WARNINGS / Avoid triggers', 1)","('VULNERABILITY / Connection', 1)","('TRUTH / Costs', 1)","('SOBRIETY / celebrate & progress', 1)","('SELF ESTEEM / deserve & rewards', 1)"
ACCOUNTABILITY / Amends,"('RECONCILIATON', 3)","('CONFESSION / apology & forgiveness', 3)","('AMENDS', 2)","('TRUTH / dark past', 1)","('INNER POWER / Tools', 1)","('GUILT', 1)","('COMMUNITY / listen to guidance', 1)","('ACCOUNTABILITY / damage confess', 1)","('WORTHINESS / self love & acceptance', 0)","('WORTHINESS / new life & future', 0)"
ACCOUNTABILITY / De-blame,"('TRUTH / self honesty', 1)","('RESPONSIBILITY', 1)","('CHANGE / beliefs', 1)","('BLAME', 1)","('WORTHINESS / self love & acceptance', 0)","('WORTHINESS / new life & future', 0)","('WORTHINESS / help', 0)","('WORTHINESS / deserve & rewards', 0)","('WORTHINESS / connections & sharing', 0)","('WARNINGS / self aware & listen', 0)"
ACCOUNTABILITY / Own up,"('VULNERABILITY / learning and mistakes', 4)","('RESPONSIBILITY', 3)","('CONFESSION / apology & forgiveness', 3)","('TRUTH / Inventory', 2)","('INNER MASTERY / beliefs & awareness', 2)","('INNER / SELF / Inventory', 2)","('EXCUSES', 2)","('RECONCILIATON', 1)","('MINDSET / imperfection & acceptance', 1)","('MINDSET / Clear headed', 1)"
ACCOUNTABILITY / damage confess,"('TRUTH / dark past', 3)","('CONFESSION / damage & hurt', 3)","('HARDSHIP', 2)","('CONFIDENCE /  obstacles & challenge', 2)","('VULNERABILITY / to support my sobriety', 1)","('VULNERABILITY / learning and mistakes', 1)","('TRUTH / self honesty', 1)","('TRUTH / Inventory', 1)","('INNER POWER / Tools', 1)","('GROWTH / willing to change', 1)"
AGONY,"('RESILIENCE / reaction & behavior', 2)","('INNER MASTERY / strength', 2)","('CRAVINGS / will power & tools', 2)","('WARNINGS / Avoid triggers', 1)","('TRUTH / Costs', 1)","('TRUTH / Admit addiction', 1)","('SOBRIETY / costs & benefits', 1)","('RESILIENCE / discomfort', 1)","('NEGATIVITY', 1)","('MINDSET / tolerate discomfort', 1)"
AMENDS,"('RECONCILIATON', 3)","('CONFESSION / apology & forgiveness', 3)","('CONFESSION / damage & hurt', 2)","('COMMUNITY / listen to guidance', 2)","('ACCOUNTABILITY / Amends', 2)","('VULNERABILITY / learning and mistakes', 1)","('ACCOUNTABILITY / damage confess', 1)","('ACCOUNTABILITY / Own up', 1)","('WORTHINESS / self love & acceptance', 0)","('WORTHINESS / new life & future', 0)"
ANGER,"('EMOTIONS', 2)","('TRIGGERS / awareness', 1)","('SOBRIETY / maintaining & will power', 1)","('RESILIENCE / reaction & behavior', 1)","('PROGRESS / reactions & behavior', 1)","('PRIDE ', 1)","('OVERWHELM', 1)","('MOODS', 1)","('MINDSET / tolerate discomfort', 1)","('MINDSET / identify weaknesses', 1)"
ANXIETY,"('EMOTIONS', 2)","('URGES / moods & emotions', 1)","('TRUTH / self honesty', 1)","('TRIGGERS / tools & techniques', 1)","('OVERWHELM', 1)","('MOODS', 1)","('MINDSET / identify weaknesses', 1)","('MINDSET / Clear headed', 1)","('GOD / thy will', 1)","('FREEDOM / tools & strategies', 1)"
APOLOGY,"('RECONCILIATON', 1)","('CONFESSION / apology & forgiveness', 1)","('WORTHINESS / self love & acceptance', 0)","('WORTHINESS / new life & future', 0)","('WORTHINESS / help', 0)","('WORTHINESS / deserve & rewards', 0)","('WORTHINESS / connections & sharing', 0)","('WARNINGS / self aware & listen', 0)","('WARNINGS / Relapse & tools', 0)","('WARNINGS / Avoid triggers', 0)"
BABY STEPS / Accomplishments,"('WARNINGS / Avoid triggers', 1)","('TRIGGERS / confidence & strength', 1)","('SOBRIETY / celebrate & progress', 1)","('INNER POWER', 1)","('INNER / SELF / beliefs & insight', 1)","('GROWTH / successes', 1)","('GROWTH / celebrate', 1)","('GRATITUDE / progress & growth', 1)","('FREEDOM / future & growth', 1)","('CONFIDENCE', 1)"
BABY STEPS / Help & support,"('VULNERABILITY / to support my sobriety', 4)","('COMMUNITY / healthy relationships', 3)","('COMMUNITY / Meetings & groups', 2)","('TRIGGERS / tools & techniques', 1)","('PROGRESS / start small', 1)","('LABELS / STIGMA', 1)","('INFLUENCES', 1)","('GROWTH / behavior & habits', 1)","('FEAR', 1)","('EGO', 1)"
BABY STEPS / first steps,"('PROGRESS / start small', 2)","('WORTHINESS / new life & future', 1)","('SOBRIETY', 1)","('MINDSET / Clear headed', 1)","('GROWTH / willing to change', 1)","('WORTHINESS / self love & acceptance', 0)","('WORTHINESS / help', 0)","('WORTHINESS / deserve & rewards', 0)","('WORTHINESS / connections & sharing', 0)","('WARNINGS / self aware & listen', 0)"
BABY STEPS / focus on today,"('PROGRESS / start small', 2)","('WARNINGS / Avoid triggers', 1)","('VULNERABILITY / learning and mistakes', 1)","('SOBRIETY / maintaining & will power', 1)","('INNER / SELF / patterns', 1)","('GROWTH / willing to change', 1)","('GROWTH / supporting myself', 1)","('CHANGE / thoughts', 1)","('WORTHINESS / self love & acceptance', 0)","('WORTHINESS / new life & future', 0)"
BABY STEPS / slow changes,"('PROGRESS / future & hope', 2)","('GROWTH / motivation & boosts', 2)","('WORTHINESS / new life & future', 1)","('SOBRIETY / maintaining & will power', 1)","('SOBRIETY / celebrate & progress', 1)","('PROGRESS / start small', 1)","('PROGRESS / rewards & proud', 1)","('MOODS', 1)","('MINDSET / obstacles & challenge', 1)","('MINDSET / Future sobriety', 1)"
BELIEFS,"('WORTHINESS / self love & acceptance', 1)","('TRUST', 1)","('THOUGHTS', 1)","('SELF ESTEEM / beliefs', 1)","('INNER MASTERY / beliefs & awareness', 1)","('WORTHINESS / new life & future', 0)","('WORTHINESS / help', 0)","('WORTHINESS / deserve & rewards', 0)","('WORTHINESS / connections & sharing', 0)","('WARNINGS / self aware & listen', 0)"
BENEFITS / COSTS,"('TRUTH / Costs', 1)","('REGRET', 1)","('PAST', 1)","('MINDSET / obstacles & challenge', 1)","('INNER POWER / Decisions', 1)","('INNER / SELF / awareness', 1)","('WORTHINESS / self love & acceptance', 0)","('WORTHINESS / new life & future', 0)","('WORTHINESS / help', 0)","('WORTHINESS / deserve & rewards', 0)"
BINGE,"('RESPONSIBILITY', 1)","('MOODS', 1)","('INNER POWER / Self control & willpower', 1)","('INNER MASTERY / challenge & resilience', 1)","('GROWTH / true self', 1)","('CONFIDENCE /  obstacles & challenge', 1)","('CONFESSION / admit', 1)","('CHANGE / mental confidence', 1)","('WORTHINESS / self love & acceptance', 0)","('WORTHINESS / new life & future', 0)"
BITTERNESS,"('VULNERABILITY / Show true self', 1)","('TRUTH / self honesty', 1)","('NEGATIVITY', 1)","('AGONY', 1)","('WORTHINESS / self love & acceptance', 0)","('WORTHINESS / new life & future', 0)","('WORTHINESS / help', 0)","('WORTHINESS / deserve & rewards', 0)","('WORTHINESS / connections & sharing', 0)","('WARNINGS / self aware & listen', 0)"
BLAME,"('TRUTH / self honesty', 2)","('VULNERABILITY / learning and mistakes', 1)","('RESPONSIBILITY', 1)","('EXCUSES', 1)","('DENIAL', 1)","('CONFIDENCE /  obstacles & challenge', 1)","('CONFESSION / admit', 1)","('ACCOUNTABILITY / damage confess', 1)","('ACCOUNTABILITY / Own up', 1)","('ACCOUNTABILITY / De-blame', 1)"
CHANGE / action & behavior,"('CONFIDENCE /  hope & future', 2)","('WORTHINESS / new life & future', 1)","('WARNINGS / Avoid triggers', 1)","('TRIGGERS / tools & techniques', 1)","('PROGRESS / start small', 1)","('INNER MASTERY / self control', 1)","('FREEDOM / tools & strategies', 1)","('WORTHINESS / self love & acceptance', 0)","('WORTHINESS / help', 0)","('WORTHINESS / deserve & rewards', 0)"
CHANGE / beliefs,"('INNER / SELF / beliefs & insight', 3)","('SOBRIETY / costs & benefits', 2)","('MINDSET / Clear headed', 2)","('FREEDOM', 2)","('WORTHINESS / connections & sharing', 1)","('TRUTH / self honesty', 1)","('TRUTH / Inventory', 1)","('THOUGHTS', 1)","('RESPONSIBILITY', 1)","('RELAPSE', 1)"
CHANGE / courage,"('INNER POWER / Fears & Strength', 2)","('FEAR', 2)","('CONFESSION / denial', 2)","('TRUTH / Admit addiction', 1)","('SOBRIETY / costs & benefits', 1)","('RESILIENCE / discomfort', 1)","('MINDSET / identify weaknesses', 1)","('MINDSET', 1)","('INNER POWER / Vulnerability', 1)","('INNER MASTERY / strength', 1)"
CHANGE / mental confidence,"('SOBRIETY / costs & benefits', 4)","('WARNINGS / self aware & listen', 2)","('PROGRESS / future & hope', 2)","('MINDSET / tolerate discomfort', 2)","('MINDSET / Clear headed', 2)","('GROWTH / true self', 2)","('FREEDOM / peace & harmony', 2)","('COMMUNITY / healthy relationships', 2)","('WORTHINESS / self love & acceptance', 1)","('WORTHINESS / connections & sharing', 1)"
CHANGE / motivations,"('TRUTH / Costs', 2)","('SOBRIETY / costs & benefits', 2)","('SOBRIETY / celebrate & progress', 2)","('MINDSET / no matter what', 2)","('FREEDOM / past & let go', 2)","('DEAD END', 2)","('WORTHINESS / new life & future', 1)","('URGES / tools & techniques', 1)","('TRUTH / Admit addiction', 1)","('PROGRESS / future & hope', 1)"
CHANGE / self love & true self,"('INNER / SELF / patterns', 2)","('GROWTH / behavior & habits', 2)","('FREEDOM / future & growth', 2)","('CONFIDENCE /  hope & future', 2)","('WORTHINESS / new life & future', 1)","('VULNERABILITY / Show true self', 1)","('TRUTH / self honesty', 1)","('SELF ESTEEM / beliefs', 1)","('SELF ESTEEM / behavior', 1)","('LOVE ', 1)"
CHANGE / thoughts,"('WORTHINESS / new life & future', 1)","('TRIGGERS / awareness', 1)","('NEGATIVITY', 1)","('MONKEY', 1)","('MINDSET / Perceptions', 1)","('MINDSET / Clear headed', 1)","('INNER POWER / Decisions', 1)","('INNER MASTERY / tools & processes', 1)","('INNER / SELF / awareness', 1)","('GROWTH / willing to change', 1)"
COMMITMENTS,"('RESPONSIBILITY', 2)","('MINDSET / no matter what', 2)","('INNER POWER / Decisions', 2)","('WARNINGS / Relapse & tools', 1)","('SOBRIETY / celebrate & progress', 1)","('PROGRESS / start small', 1)","('PROGRESS / future & hope', 1)","('MOTIVATION', 1)","('MINDSET / obstacles & challenge', 1)","('MINDSET / Future sobriety', 1)"
COMMUNITY / Meetings & groups,"('VULNERABILITY / to support my sobriety', 2)","('TRUTH / Admit addiction', 2)","('BABY STEPS / Help & support', 2)","('URGES / tools & techniques', 1)","('TRIGGERS / tools & techniques', 1)","('SOBRIETY / behavior & action', 1)","('REACTIONS', 1)","('PROGRESS / support ', 1)","('MINDSET / tolerate discomfort', 1)","('LABELS / STIGMA', 1)"
COMMUNITY / ask for assistance,"('CONFESSION / powerlessness', 3)","('WORTHINESS / help', 1)","('TRUTH / Admit addiction', 1)","('PROGRESS / reactions & behavior', 1)","('INNER POWER / Self control & willpower', 1)","('INFLUENCES', 1)","('GOD / reach out', 1)","('COURAGE', 1)","('COMMITMENTS', 1)","('BABY STEPS / Help & support', 1)"
COMMUNITY / connection with others,"('JOY', 2)","('GIVING / GENEROSITY', 2)","('FREEDOM / peace & harmony', 2)","('WORTHINESS / connections & sharing', 1)","('VULNERABILITY / Connection', 1)","('MOTIVATION', 1)","('MOODS', 1)","('MINDSET / Clear headed', 1)","('INNER MASTERY / beliefs & awareness', 1)","('INNER / SELF / patterns', 1)"
COMMUNITY / healthy relationships,"('VULNERABILITY / Connection', 5)","('INFLUENCES', 4)","('BABY STEPS / Help & support', 3)","('WORTHINESS / connections & sharing', 2)","('RECONCILIATON', 2)","('INNER / SELF / balance', 2)","('EGO', 2)","('CHANGE / mental confidence', 2)","('ABSTINENCE', 2)","('WORTHINESS / help', 1)"
COMMUNITY / listen to guidance,"('AMENDS', 2)","('WORTHINESS / help', 1)","('WARNINGS / self aware & listen', 1)","('VULNERABILITY / learning and mistakes', 1)","('VULNERABILITY / Connection', 1)","('RELAPSE', 1)","('PROGRESS / support ', 1)","('MOTIVATION', 1)","('INNER POWER / Vulnerability', 1)","('INNER MASTERY / beliefs & awareness', 1)"
COMMUNITY / sharing,"('WORTHINESS / connections & sharing', 1)","('WARNINGS / self aware & listen', 1)","('VULNERABILITY / to support my sobriety', 1)","('VULNERABILITY / learning and mistakes', 1)","('TRIGGERS / tools & techniques', 1)","('SOBRIETY / celebrate & progress', 1)","('PROGRESS / rewards & proud', 1)","('PROGRESS / reactions & behavior', 1)","('NEGATIVITY', 1)","('INFLUENCES', 1)"
COMPASSION,"('VULNERABILITY / others who’ve been there', 2)","('WORTHINESS / self love & acceptance', 1)","('WORTHINESS / help', 1)","('WORTHINESS / connections & sharing', 1)","('LABELS / STIGMA', 1)","('INNER / SELF / harmony & inner peace', 1)","('HOPE', 1)","('GRATITUDE / for others', 1)","('WORTHINESS / new life & future', 0)","('WORTHINESS / deserve & rewards', 0)"
CONFESSION,"('INNER / SELF / Inventory', 2)","('VULNERABILITY / learning and mistakes', 1)","('VULNERABILITY / Show true self', 1)","('URGES / tools & techniques', 1)","('TRUTH / self honesty', 1)","('TRUTH / Inventory', 1)","('SELF ESTEEM / courage', 1)","('INNER POWER / Vulnerability', 1)","('ACCOUNTABILITY / damage confess', 1)","('WORTHINESS / self love & acceptance', 0)"
CONFESSION / admit,"('VULNERABILITY / Show true self', 3)","('LABELS / STIGMA', 2)","('DEMONS', 2)","('VULNERABILITY / learning and mistakes', 1)","('TRUTH / self honesty', 1)","('TRUTH / dark past', 1)","('TRUTH / Admit addiction', 1)","('SOBRIETY / celebrate & progress', 1)","('RESPONSIBILITY', 1)","('PAST', 1)"
CONFESSION / apology & forgiveness,"('RECONCILIATON', 4)","('AMENDS', 3)","('ACCOUNTABILITY / Own up', 3)","('ACCOUNTABILITY / Amends', 3)","('VULNERABILITY / learning and mistakes', 2)","('INNER / SELF / Inventory', 1)","('GROWTH / willing to change', 1)","('COMMUNITY / listen to guidance', 1)","('APOLOGY', 1)","('ACCOUNTABILITY / damage confess', 1)"
CONFESSION / damage & hurt,"('TRUTH / dark past', 3)","('ACCOUNTABILITY / damage confess', 3)","('WORTHINESS / connections & sharing', 2)","('HEALING', 2)","('AMENDS', 2)","('WORTHINESS / new life & future', 1)","('VULNERABILITY / learning and mistakes', 1)","('VULNERABILITY / Connection', 1)","('TRUTH / Inventory', 1)","('TRUTH / Costs', 1)"
CONFESSION / denial,"('TRUTH / self honesty', 2)","('TRUTH / Admit addiction', 2)","('MINDSET / imperfection & acceptance', 2)","('INNER POWER / Vulnerability', 2)","('EXCUSES', 2)","('DELUSION', 2)","('CHANGE / courage', 2)","('WARNINGS / self aware & listen', 1)","('TRUTH / Inventory', 1)","('MOTIVATION', 1)"
CONFESSION / powerlessness,"('COMMUNITY / ask for assistance', 3)","('COURAGE', 2)","('WORTHINESS / self love & acceptance', 1)","('WORTHINESS / help', 1)","('TRUTH / Admit addiction', 1)","('THOUGHTS', 1)","('INNER POWER / Vulnerability', 1)","('INNER / SELF / beliefs & insight', 1)","('GOD / reach out', 1)","('FREEDOM / past & let go', 1)"
CONFIDENCE,"('SOBRIETY / celebrate & progress', 1)","('FREEDOM / future & growth', 1)","('BABY STEPS / Accomplishments', 1)","('WORTHINESS / self love & acceptance', 0)","('WORTHINESS / new life & future', 0)","('WORTHINESS / help', 0)","('WORTHINESS / deserve & rewards', 0)","('WORTHINESS / connections & sharing', 0)","('WARNINGS / self aware & listen', 0)","('WARNINGS / Relapse & tools', 0)"
CONFIDENCE /  hope & future,"('FREEDOM / past & let go', 4)","('WORTHINESS / new life & future', 2)","('MINDSET / Future sobriety', 2)","('CHANGE / self love & true self', 2)","('CHANGE / action & behavior', 2)","('VULNERABILITY / to support my sobriety', 1)","('URGES / tools & techniques', 1)","('TRUTH / dark past', 1)","('SOBRIETY / maintaining & will power', 1)","('SOBRIETY / celebrate & progress', 1)"
CONFIDENCE /  obstacles & challenge,"('TRUTH / dark past', 2)","('INNER MASTERY / challenge & resilience', 2)","('HARDSHIP', 2)","('ACCOUNTABILITY / damage confess', 2)","('URGES / tools & techniques', 1)","('TRIGGERS / tools & techniques', 1)","('SOBRIETY / costs & benefits', 1)","('SOBRIETY', 1)","('RESPONSIBILITY', 1)","('RESILIENCE / will power', 1)"
CONFIDENCE / acceptance & worth,"('VULNERABILITY / Show true self', 3)","('WORTHINESS / new life & future', 1)","('SHAME', 1)","('MINDSET / imperfection & acceptance', 1)","('LAPSE', 1)","('LABELS / STIGMA', 1)","('INNER POWER / Decisions', 1)","('INNER MASTERY / self control', 1)","('INNER / SELF / harmony & inner peace', 1)","('INNER / SELF / balance', 1)"
CONFIDENCE / action & behavior,"('VULNERABILITY / to support my sobriety', 1)","('URGES / moods & emotions', 1)","('TRIGGERS / tools & techniques', 1)","('SHAME', 1)","('SERENITY', 1)","('MINDSET / obstacles & challenge', 1)","('MINDSET / no matter what', 1)","('MINDSET / Future sobriety', 1)","('MINDSET / Clear headed', 1)","('INNER POWER / Fears & Strength', 1)"
CONFLICT,"('SOBRIETY / behavior & action', 2)","('RESILIENCE / reaction & behavior', 2)","('WORTHINESS / connections & sharing', 1)","('WARNINGS / Relapse & tools', 1)","('VULNERABILITY / Show true self', 1)","('URGES / moods & emotions', 1)","('TRIGGERS / awareness', 1)","('RECONCILIATON', 1)","('REACTIONS', 1)","('PEACE', 1)"
CONTROL,"('VULNERABILITY / to support my sobriety', 1)","('URGES / tools & techniques', 1)","('TRUST', 1)","('SOBRIETY / celebrate & progress', 1)","('SOBRIETY / behavior & action', 1)","('SITUATIONS', 1)","('SERENITY', 1)","('MINDSET / no matter what', 1)","('MINDSET / imperfection & acceptance', 1)","('MINDSET / Clear headed', 1)"
COURAGE,"('CONFESSION / powerlessness', 2)","('WORTHINESS / help', 1)","('THOUGHTS', 1)","('MINDSET / Future sobriety', 1)","('INNER / SELF / beliefs & insight', 1)","('GROWTH / willing to change', 1)","('CONFIDENCE /  hope & future', 1)","('COMMUNITY / ask for assistance', 1)","('COMMUNITY / Meetings & groups', 1)","('WORTHINESS / self love & acceptance', 0)"
CRAVINGS / support & help,"('WARNINGS / Relapse & tools', 1)","('WARNINGS / Avoid triggers', 1)","('VULNERABILITY / to support my sobriety', 1)","('MOTIVATION', 1)","('MINDSET / identify weaknesses', 1)","('HIGHER POWER / surrender', 1)","('GRATITUDE / for others', 1)","('FAITH', 1)","('COMMUNITY / listen to guidance', 1)","('WORTHINESS / self love & acceptance', 0)"
CRAVINGS / vulnerability & learning,"('WARNINGS / self aware & listen', 2)","('URGES / tools & techniques', 1)","('POWERLESSNESS', 1)","('MINDSET / will power', 1)","('MINDSET / tolerate discomfort', 1)","('MINDSET / obstacles & challenge', 1)","('INNER POWER / Vulnerability', 1)","('INNER POWER / Decisions', 1)","('GOD / reach out', 1)","('FREEDOM / tools & strategies', 1)"
CRAVINGS / will power & tools,"('MINDSET / identify weaknesses', 2)","('INNER POWER / Self control & willpower', 2)","('AGONY', 2)","('WARNINGS / self aware & listen', 1)","('WARNINGS / Relapse & tools', 1)","('WARNINGS / Avoid triggers', 1)","('URGES / tools & techniques', 1)","('TRIGGERS / confidence & strength', 1)","('SOBRIETY', 1)","('RESILIENCE / will power', 1)"
DAILY WORK,"('OPTIMISM', 2)","('THOUGHTS', 1)","('MINDSET / Future sobriety', 1)","('GROWTH / motivation & boosts', 1)","('WORTHINESS / self love & acceptance', 0)","('WORTHINESS / new life & future', 0)","('WORTHINESS / help', 0)","('WORTHINESS / deserve & rewards', 0)","('WORTHINESS / connections & sharing', 0)","('WARNINGS / self aware & listen', 0)"
DEAD END,"('TRUTH / dark past', 3)","('CHANGE / motivations', 2)","('VULNERABILITY / to support my sobriety', 1)","('TRUTH / Admit addiction', 1)","('TRIGGERS / tools & techniques', 1)","('SOBRIETY / costs & benefits', 1)","('RESPONSIBILITY', 1)","('RESILIENCE / reaction & behavior', 1)","('MINDSET / Future sobriety', 1)","('INNER POWER / Tools', 1)"
DELUSION,"('VULNERABILITY / Show true self', 2)","('TRUTH / self honesty', 2)","('CONFESSION / denial', 2)","('WARNINGS / self aware & listen', 1)","('URGES / tools & techniques', 1)","('TRUTH / Admit addiction', 1)","('SHAME', 1)","('MINDSET / tolerate discomfort', 1)","('GROWTH / true self', 1)","('FREEDOM / future & growth', 1)"
DEMONS,"('VULNERABILITY / Show true self', 2)","('THOUGHTS', 2)","('PAST', 2)","('CONFESSION / admit', 2)","('VULNERABILITY / others who’ve been there', 1)","('TRUTH / dark past', 1)","('TRIGGERS / awareness', 1)","('PROGRESS / reactions & behavior', 1)","('MINDSET / Clear headed', 1)","('INNER POWER / Fears & Strength', 1)"
DENIAL,"('SOBRIETY / costs & benefits', 1)","('SHAME', 1)","('GROWTH / learning & mistakes', 1)","('GROWTH / goals & future', 1)","('EXCUSES', 1)","('DELUSION', 1)","('BLAME', 1)","('ACCOUNTABILITY / damage confess', 1)","('WORTHINESS / self love & acceptance', 0)","('WORTHINESS / new life & future', 0)"
DESPAIR,"('MINDSET / Clear headed', 1)","('INNER / SELF / patterns', 1)","('FREEDOM', 1)","('CHANGE / self love & true self', 1)","('CHANGE / beliefs', 1)","('WORTHINESS / self love & acceptance', 0)","('WORTHINESS / new life & future', 0)","('WORTHINESS / help', 0)","('WORTHINESS / deserve & rewards', 0)","('WORTHINESS / connections & sharing', 0)"
EGO,"('WORTHINESS / connections & sharing', 2)","('VULNERABILITY / to support my sobriety', 2)","('PRIDE ', 2)","('COMMUNITY / healthy relationships', 2)","('PROGRESS / reactions & behavior', 1)","('JUDGMENTS', 1)","('INFLUENCES', 1)","('GROWTH / behavior & habits', 1)","('GRATITUDE / for others', 1)","('GIVING / GENEROSITY', 1)"
EMOTIONS,"('TRUTH / self honesty', 2)","('MINDSET / tolerate discomfort', 2)","('MINDSET / no matter what', 2)","('INNER POWER / Tools', 2)","('FREEDOM / peace & harmony', 2)","('ANXIETY', 2)","('ANGER', 2)","('WORTHINESS / connections & sharing', 1)","('VULNERABILITY / learning and mistakes', 1)","('VULNERABILITY / Show true self', 1)"
EXCUSES,"('INNER MASTERY / beliefs & awareness', 4)","('CONFESSION / denial', 2)","('ACCOUNTABILITY / Own up', 2)","('WARNINGS / self aware & listen', 1)","('TRUTH / dark past', 1)","('TRUTH / Admit addiction', 1)","('SABOTAGE', 1)","('RESPONSIBILITY', 1)","('OVERWHELM', 1)","('MOODS', 1)"
FAITH,"('WARNINGS / Relapse & tools', 1)","('HIGHER POWER / surrender', 1)","('HIGHER POWER / confidence', 1)","('GRATITUDE / opportunities', 1)","('FREEDOM / peace & harmony', 1)","('FREEDOM / future & growth', 1)","('CRAVINGS / support & help', 1)","('CONFIDENCE / action & behavior', 1)","('COMMUNITY / connection with others', 1)","('WORTHINESS / self love & acceptance', 0)"
FEAR,"('CHANGE / courage', 2)","('INNER POWER / Fears & Strength', 1)","('COMMUNITY / Meetings & groups', 1)","('BABY STEPS / Help & support', 1)","('WORTHINESS / self love & acceptance', 0)","('WORTHINESS / new life & future', 0)","('WORTHINESS / help', 0)","('WORTHINESS / deserve & rewards', 0)","('WORTHINESS / connections & sharing', 0)","('WARNINGS / self aware & listen', 0)"
FORGIVENESS,"('MINDSET / Clear headed', 1)","('INNER POWER / Fears & Strength', 1)","('CONFIDENCE /  hope & future', 1)","('COMMUNITY / connection with others', 1)","('CHANGE / self love & true self', 1)","('ACCOUNTABILITY / Own up', 1)","('WORTHINESS / self love & acceptance', 0)","('WORTHINESS / new life & future', 0)","('WORTHINESS / help', 0)","('WORTHINESS / deserve & rewards', 0)"
FREEDOM,"('INNER / SELF / harmony & inner peace', 2)","('CHANGE / beliefs', 2)","('WORTHINESS / new life & future', 1)","('URGES / tools & techniques', 1)","('SOBRIETY / costs & benefits', 1)","('SOBRIETY / behavior & action', 1)","('MINDSET / Clear headed', 1)","('INNER / SELF / beliefs & insight', 1)","('GROWTH / willing to change', 1)","('EMOTIONS', 1)"
FREEDOM / future & growth,"('WORTHINESS / self love & acceptance', 2)","('SOBRIETY / celebrate & progress', 2)","('GROWTH / proud', 2)","('GRATITUDE / opportunities', 2)","('CHANGE / self love & true self', 2)","('WORTHINESS / new life & future', 1)","('WORTHINESS / deserve & rewards', 1)","('SERENITY', 1)","('MINDSET / will power', 1)","('MINDSET / identify weaknesses', 1)"
FREEDOM / past & let go,"('CONFIDENCE /  hope & future', 4)","('SERENITY', 3)","('MINDSET / Future sobriety', 3)","('WORTHINESS / new life & future', 2)","('GRATITUDE / progress & growth', 2)","('CHANGE / motivations', 2)","('WORTHINESS / self love & acceptance', 1)","('TRUST', 1)","('SOBRIETY / celebrate & progress', 1)","('SOBRIETY / behavior & action', 1)"
FREEDOM / peace & harmony,"('WORTHINESS / new life & future', 2)","('EMOTIONS', 2)","('COMMUNITY / connection with others', 2)","('CHANGE / mental confidence', 2)","('URGES / moods & emotions', 1)","('MOODS', 1)","('MINDSET / tolerate discomfort', 1)","('JOY', 1)","('INNER MASTERY / take a step back', 1)","('INNER /SELF / true self', 1)"
FREEDOM / tools & strategies,"('URGES / tools & techniques', 2)","('SOBRIETY / behavior & action', 2)","('MINDSET / Future sobriety', 2)","('MINDSET / Clear headed', 2)","('INNER POWER / Self control & willpower', 2)","('GROWTH / supporting myself', 2)","('URGES / moods & emotions', 1)","('TRIGGERS / tools & techniques', 1)","('TRIGGERS / confidence & strength', 1)","('SOBRIETY / maintaining & will power', 1)"
GIVING / GENEROSITY,"('WORTHINESS / connections & sharing', 3)","('COMMUNITY / connection with others', 2)","('VULNERABILITY / Connection', 1)","('PROGRESS / rewards & proud', 1)","('LOVE ', 1)","('EGO', 1)","('COMMUNITY / sharing', 1)","('WORTHINESS / self love & acceptance', 0)","('WORTHINESS / new life & future', 0)","('WORTHINESS / help', 0)"
GOD / reach out,"('TRUTH / Admit addiction', 1)","('SERENITY', 1)","('POWERLESSNESS', 1)","('INNER / SELF / harmony & inner peace', 1)","('INNER / SELF / beliefs & insight', 1)","('CRAVINGS / vulnerability & learning', 1)","('CONFESSION / powerlessness', 1)","('COMMUNITY / ask for assistance', 1)","('CHANGE / beliefs', 1)","('WORTHINESS / self love & acceptance', 0)"
GOD / thy will,"('TRIGGERS / tools & techniques', 1)","('STRESS', 1)","('OVERWHELM', 1)","('NEGATIVITY', 1)","('INNER MASTERY / challenge & resilience', 1)","('GROWTH / supporting myself', 1)","('GROWTH / learning & mistakes', 1)","('GRATITUDE / progress & growth', 1)","('CHANGE / courage', 1)","('ANXIETY', 1)"
GRATITUDE / for others,"('WORTHINESS / connections & sharing', 2)","('WORTHINESS / new life & future', 1)","('TRIGGERS / confidence & strength', 1)","('OPTIMISM', 1)","('MOTIVATION', 1)","('LOVE ', 1)","('JUDGMENTS', 1)","('INNER MASTERY / tools & processes', 1)","('HOPE', 1)","('GROWTH / proud', 1)"
GRATITUDE / for self,"('WORTHINESS / deserve & rewards', 1)","('THOUGHTS', 1)","('SERENITY', 1)","('MINDSET / Future sobriety', 1)","('INNER / SELF / harmony & inner peace', 1)","('FREEDOM / future & growth', 1)","('WORTHINESS / self love & acceptance', 0)","('WORTHINESS / new life & future', 0)","('WORTHINESS / help', 0)","('WORTHINESS / connections & sharing', 0)"
GRATITUDE / opportunities,"('FREEDOM / future & growth', 2)","('WORTHINESS / new life & future', 1)","('PAST', 1)","('MOTIVATION', 1)","('GROWTH / learning & mistakes', 1)","('FAITH', 1)","('DEMONS', 1)","('CONFIDENCE / action & behavior', 1)","('COMMUNITY / connection with others', 1)","('CHANGE / motivations', 1)"
GRATITUDE / progress & growth,"('INNER POWER', 2)","('HIGHER POWER / surrender', 2)","('GROWTH / learning & mistakes', 2)","('FREEDOM / past & let go', 2)","('VULNERABILITY / learning and mistakes', 1)","('SOBRIETY / celebrate & progress', 1)","('SERENITY', 1)","('RESILIENCE / reaction & behavior', 1)","('PROGRESS / start small', 1)","('PROGRESS / rewards & proud', 1)"
GROWTH,"('INNER / SELF / patterns', 1)","('INNER / SELF / balance', 1)","('FREEDOM / future & growth', 1)","('COMMUNITY / connection with others', 1)","('CHANGE / beliefs', 1)","('WORTHINESS / self love & acceptance', 0)","('WORTHINESS / new life & future', 0)","('WORTHINESS / help', 0)","('WORTHINESS / deserve & rewards', 0)","('WORTHINESS / connections & sharing', 0)"
GROWTH / behavior & habits,"('INNER POWER / Tools', 2)","('INNER / SELF / patterns', 2)","('CHANGE / self love & true self', 2)","('SOBRIETY / celebrate & progress', 1)","('SOBRIETY / behavior & action', 1)","('SELF ESTEEM / behavior', 1)","('PROGRESS / start small', 1)","('PROGRESS / reactions & behavior', 1)","('MINDSET / Clear headed', 1)","('INNER MASTERY / beliefs & awareness', 1)"
GROWTH / celebrate,"('WORTHINESS / deserve & rewards', 1)","('SOBRIETY / celebrate & progress', 1)","('INNER POWER', 1)","('INNER / SELF / beliefs & insight', 1)","('GRATITUDE / progress & growth', 1)","('BABY STEPS / Accomplishments', 1)","('WORTHINESS / self love & acceptance', 0)","('WORTHINESS / new life & future', 0)","('WORTHINESS / help', 0)","('WORTHINESS / connections & sharing', 0)"
GROWTH / goals & future,"('SOBRIETY / costs & benefits', 1)","('PROGRESS / start small', 1)","('MINDSET / Perceptions', 1)","('MINDSET / Future sobriety', 1)","('HOPE', 1)","('DENIAL', 1)","('WORTHINESS / self love & acceptance', 0)","('WORTHINESS / new life & future', 0)","('WORTHINESS / help', 0)","('WORTHINESS / deserve & rewards', 0)"
GROWTH / learning & mistakes,"('RESILIENCE / discomfort', 2)","('GRATITUDE / progress & growth', 2)","('WARNINGS / self aware & listen', 1)","('VULNERABILITY / learning and mistakes', 1)","('TRUTH / Costs', 1)","('TRUTH / Admit addiction', 1)","('SOBRIETY / behavior & action', 1)","('RESILIENCE / reaction & behavior', 1)","('RELAPSE', 1)","('PAST', 1)"
GROWTH / motivation & boosts,"('BABY STEPS / slow changes', 2)","('SOBRIETY / maintaining & will power', 1)","('SOBRIETY / celebrate & progress', 1)","('PROGRESS / support ', 1)","('PROGRESS / start small', 1)","('PROGRESS / future & hope', 1)","('OPTIMISM', 1)","('MINDSET / Future sobriety', 1)","('LONELINESS', 1)","('JUDGMENTS', 1)"
GROWTH / proud,"('FREEDOM / future & growth', 2)","('WORTHINESS / self love & acceptance', 1)","('MINDSET / obstacles & challenge', 1)","('LABELS / STIGMA', 1)","('INNER MASTERY / take a step back', 1)","('HARDSHIP', 1)","('GRATITUDE / for others', 1)","('FREEDOM / peace & harmony', 1)","('FREEDOM / past & let go', 1)","('CHANGE / self love & true self', 1)"
GROWTH / successes,"('SOBRIETY / celebrate & progress', 2)","('WARNINGS / Avoid triggers', 1)","('TRIGGERS / confidence & strength', 1)","('PROGRESS / start small', 1)","('PROGRESS / rewards & proud', 1)","('INNER POWER / Fears & Strength', 1)","('INNER MASTERY / challenge & resilience', 1)","('INNER /SELF / true self', 1)","('GROWTH / motivation & boosts', 1)","('GRATITUDE / progress & growth', 1)"
GROWTH / supporting myself,"('NEGATIVITY', 2)","('INNER / SELF / patterns', 2)","('FREEDOM / tools & strategies', 2)","('WARNINGS / Avoid triggers', 1)","('SOBRIETY / behavior & action', 1)","('PROGRESS / rewards & proud', 1)","('PROGRESS / future & hope', 1)","('MOODS', 1)","('MINDSET / Future sobriety', 1)","('MINDSET', 1)"
GROWTH / true self,"('INNER / SELF / harmony & inner peace', 2)","('CHANGE / mental confidence', 2)","('MINDSET / tolerate discomfort', 1)","('INNER POWER / Vulnerability', 1)","('INNER MASTERY / beliefs & awareness', 1)","('INNER / SELF / patterns', 1)","('INNER / SELF / awareness', 1)","('HEALING', 1)","('FREEDOM / tools & strategies', 1)","('FREEDOM / future & growth', 1)"
GROWTH / willing to change,"('TRUTH / Costs', 2)","('WORTHINESS / new life & future', 1)","('VULNERABILITY / Connection', 1)","('TRUTH / self honesty', 1)","('TRUTH / dark past', 1)","('TRUTH / Admit addiction', 1)","('TRIGGERS / tools & techniques', 1)","('SOBRIETY / costs & benefits', 1)","('SOBRIETY / celebrate & progress', 1)","('RESILIENCE / discomfort', 1)"
GUILT,"('RECONCILIATON', 1)","('ACCOUNTABILITY / Amends', 1)","('WORTHINESS / self love & acceptance', 0)","('WORTHINESS / new life & future', 0)","('WORTHINESS / help', 0)","('WORTHINESS / deserve & rewards', 0)","('WORTHINESS / connections & sharing', 0)","('WARNINGS / self aware & listen', 0)","('WARNINGS / Relapse & tools', 0)","('WARNINGS / Avoid triggers', 0)"
HABITS,"('SERENITY', 1)","('INNER / SELF / patterns', 1)","('CONFIDENCE / action & behavior', 1)","('WORTHINESS / self love & acceptance', 0)","('WORTHINESS / new life & future', 0)","('WORTHINESS / help', 0)","('WORTHINESS / deserve & rewards', 0)","('WORTHINESS / connections & sharing', 0)","('WARNINGS / self aware & listen', 0)","('WARNINGS / Relapse & tools', 0)"
HARDSHIP,"('MINDSET / obstacles & challenge', 2)","('CONFIDENCE /  obstacles & challenge', 2)","('ACCOUNTABILITY / damage confess', 2)","('TRUTH / dark past', 1)","('RESILIENCE / reaction & behavior', 1)","('INNER / SELF / balance', 1)","('GROWTH / proud', 1)","('WORTHINESS / self love & acceptance', 0)","('WORTHINESS / new life & future', 0)","('WORTHINESS / help', 0)"
HEALING,"('WORTHINESS / connections & sharing', 2)","('INNER / SELF / harmony & inner peace', 2)","('CONFESSION / damage & hurt', 2)","('GROWTH / true self', 1)","('CHANGE / beliefs', 1)","('AGONY', 1)","('WORTHINESS / self love & acceptance', 0)","('WORTHINESS / new life & future', 0)","('WORTHINESS / help', 0)","('WORTHINESS / deserve & rewards', 0)"
HIGHER POWER / confidence,"('SERENITY', 1)","('GRATITUDE / progress & growth', 1)","('FREEDOM / peace & harmony', 1)","('FREEDOM / past & let go', 1)","('FREEDOM / future & growth', 1)","('FAITH', 1)","('CONFIDENCE /  hope & future', 1)","('COMMUNITY / connection with others', 1)","('CHANGE / courage', 1)","('WORTHINESS / self love & acceptance', 0)"
HIGHER POWER / surrender,"('GRATITUDE / progress & growth', 2)","('WARNINGS / Relapse & tools', 1)","('PROGRESS / support ', 1)","('INNER POWER / Vulnerability', 1)","('INNER POWER', 1)","('HOPE', 1)","('FREEDOM / tools & strategies', 1)","('FREEDOM / peace & harmony', 1)","('FREEDOM / past & let go', 1)","('FAITH', 1)"
HOPE,"('WORTHINESS / connections & sharing', 1)","('SOBRIETY / celebrate & progress', 1)","('PROGRESS / future & hope', 1)","('MINDSET / Future sobriety', 1)","('HIGHER POWER / surrender', 1)","('GROWTH / goals & future', 1)","('GRATITUDE / for others', 1)","('FREEDOM / past & let go', 1)","('COMPASSION', 1)","('COMMITMENTS', 1)"
HUMOR,"('STRESS', 1)","('OVERWHELM', 1)","('WORTHINESS / self love & acceptance', 0)","('WORTHINESS / new life & future', 0)","('WORTHINESS / help', 0)","('WORTHINESS / deserve & rewards', 0)","('WORTHINESS / connections & sharing', 0)","('WARNINGS / self aware & listen', 0)","('WARNINGS / Relapse & tools', 0)","('WARNINGS / Avoid triggers', 0)"
INFLUENCES,"('COMMUNITY / healthy relationships', 4)","('INNER / SELF / balance', 2)","('WORTHINESS / connections & sharing', 1)","('TRIGGERS / tools & techniques', 1)","('TRIGGERS / confidence & strength', 1)","('RELAPSE', 1)","('PROGRESS / reactions & behavior', 1)","('PRIDE ', 1)","('MINDSET / imperfection & acceptance', 1)","('LONELINESS', 1)"
INNER / SELF / Inventory,"('CONFESSION', 2)","('ACCOUNTABILITY / Own up', 2)","('VULNERABILITY / learning and mistakes', 1)","('URGES / moods & emotions', 1)","('TRUTH / self honesty', 1)","('TRUTH / Inventory', 1)","('SELF ESTEEM / courage', 1)","('MOTIVATION', 1)","('INNER MASTERY / beliefs & awareness', 1)","('EXCUSES', 1)"
INNER / SELF / awareness,"('INNER MASTERY / tools & processes', 2)","('WORTHINESS / self love & acceptance', 1)","('WARNINGS / self aware & listen', 1)","('TRIGGERS / tools & techniques', 1)","('TRIGGERS / confidence & strength', 1)","('SERENITY', 1)","('RESILIENCE / reaction & behavior', 1)","('NEGATIVITY', 1)","('MINDSET / obstacles & challenge', 1)","('MINDSET / Clear headed', 1)"
INNER / SELF / balance,"('INFLUENCES', 2)","('COMMUNITY / healthy relationships', 2)","('VULNERABILITY / Connection', 1)","('URGES / moods & emotions', 1)","('TRUTH / Costs', 1)","('SHAME', 1)","('RESILIENCE / reaction & behavior', 1)","('OPTIMISM', 1)","('NEGATIVITY', 1)","('MOODS', 1)"
INNER / SELF / beliefs & insight,"('CHANGE / beliefs', 3)","('TRUTH / Inventory', 2)","('THOUGHTS', 2)","('SOBRIETY / costs & benefits', 2)","('WORTHINESS / connections & sharing', 1)","('VULNERABILITY / worthy', 1)","('TRUTH / self honesty', 1)","('MINDSET / imperfection & acceptance', 1)","('MINDSET / Perceptions', 1)","('MINDSET / Clear headed', 1)"
INNER / SELF / harmony & inner peace,"('SERENITY', 4)","('WORTHINESS / self love & acceptance', 3)","('HEALING', 2)","('GROWTH / true self', 2)","('FREEDOM', 2)","('VULNERABILITY / others who’ve been there', 1)","('VULNERABILITY / Show true self', 1)","('TRUST', 1)","('PEACE', 1)","('MOODS', 1)"
INNER / SELF / patterns,"('WARNINGS / Avoid triggers', 2)","('GROWTH / supporting myself', 2)","('GROWTH / behavior & habits', 2)","('CHANGE / self love & true self', 2)","('WORTHINESS / new life & future', 1)","('VALUES', 1)","('TRIGGERS / confidence & strength', 1)","('SOBRIETY / behavior & action', 1)","('SERENITY', 1)","('RESILIENCE / reaction & behavior', 1)"
INNER /SELF / true self,"('SOBRIETY / celebrate & progress', 1)","('GROWTH / willing to change', 1)","('GROWTH / successes', 1)","('FREEDOM / peace & harmony', 1)","('EMOTIONS', 1)","('ABSTINENCE', 1)","('WORTHINESS / self love & acceptance', 0)","('WORTHINESS / new life & future', 0)","('WORTHINESS / help', 0)","('WORTHINESS / deserve & rewards', 0)"
INNER MASTERY / beliefs & awareness,"('EXCUSES', 4)","('ACCOUNTABILITY / Own up', 2)","('WARNINGS / self aware & listen', 1)","('URGES / tools & techniques', 1)","('TRUTH / Admit addiction', 1)","('SELF ESTEEM / beliefs', 1)","('MOTIVATION', 1)","('MINDSET / Future sobriety', 1)","('INNER POWER / Tools', 1)","('INNER / SELF / awareness', 1)"
INNER MASTERY / challenge & resilience,"('CONFIDENCE /  obstacles & challenge', 2)","('TRIGGERS / tools & techniques', 1)","('THOUGHTS', 1)","('STRESS', 1)","('SOBRIETY / costs & benefits', 1)","('SITUATIONS', 1)","('PROGRESS / reactions & behavior', 1)","('NEGATIVITY', 1)","('MINDSET / obstacles & challenge', 1)","('MINDSET / no matter what', 1)"
INNER MASTERY / self control,"('WARNINGS / Avoid triggers', 2)","('TRIGGERS / tools & techniques', 2)","('WORTHINESS / new life & future', 1)","('TRIGGERS / confidence & strength', 1)","('TRIGGERS / awareness', 1)","('MINDSET / will power', 1)","('INNER / SELF / awareness', 1)","('CRAVINGS / will power & tools', 1)","('CONFIDENCE / action & behavior', 1)","('CONFIDENCE / acceptance & worth', 1)"
INNER MASTERY / strength,"('MINDSET / obstacles & challenge', 2)","('AGONY', 2)","('URGES / tools & techniques', 1)","('TRUTH / Admit addiction', 1)","('RESILIENCE / reaction & behavior', 1)","('RESILIENCE / discomfort', 1)","('RELAPSE', 1)","('MINDSET / tolerate discomfort', 1)","('MINDSET', 1)","('INNER POWER / Self control & willpower', 1)"
INNER MASTERY / take a step back,"('MINDSET / will power', 2)","('WARNINGS / self aware & listen', 1)","('TRIGGERS / tools & techniques', 1)","('REACTIONS', 1)","('PROGRESS / start small', 1)","('GROWTH / proud', 1)","('FREEDOM / peace & harmony', 1)","('FREEDOM / future & growth', 1)","('COMMUNITY / Meetings & groups', 1)","('BABY STEPS / slow changes', 1)"
INNER MASTERY / tools & processes,"('MINDSET / obstacles & challenge', 2)","('INNER / SELF / awareness', 2)","('TRIGGERS / confidence & strength', 1)","('RESILIENCE / reaction & behavior', 1)","('PROGRESS / reactions & behavior', 1)","('POWERLESSNESS', 1)","('OPTIMISM', 1)","('NEGATIVITY', 1)","('MINDSET / Future sobriety', 1)","('GRATITUDE / for others', 1)"
INNER POWER,"('GRATITUDE / progress & growth', 2)","('REACTIONS', 1)","('INNER POWER / Self control & willpower', 1)","('INNER / SELF / beliefs & insight', 1)","('HIGHER POWER / surrender', 1)","('GROWTH / celebrate', 1)","('FREEDOM / tools & strategies', 1)","('BABY STEPS / Accomplishments', 1)","('WORTHINESS / self love & acceptance', 0)","('WORTHINESS / new life & future', 0)"
INNER POWER / Decisions,"('COMMITMENTS', 2)","('WORTHINESS / new life & future', 1)","('URGES / tools & techniques', 1)","('RESPONSIBILITY', 1)","('RESILIENCE / reaction & behavior', 1)","('PROGRESS / start small', 1)","('MOTIVATION', 1)","('MINDSET / obstacles & challenge', 1)","('MINDSET / Perceptions', 1)","('INNER / SELF / patterns', 1)"
INNER POWER / Fears & Strength,"('CHANGE / courage', 2)","('RESILIENCE / reaction & behavior', 1)","('RESILIENCE / discomfort', 1)","('MINDSET / obstacles & challenge', 1)","('MINDSET / identify weaknesses', 1)","('MINDSET / Clear headed', 1)","('INNER MASTERY / challenge & resilience', 1)","('GROWTH / successes', 1)","('FORGIVENESS', 1)","('FEAR', 1)"
INNER POWER / Self control & willpower,"('URGES / tools & techniques', 3)","('FREEDOM / tools & strategies', 2)","('CRAVINGS / will power & tools', 2)","('ABSTINENCE', 2)","('WARNINGS / Relapse & tools', 1)","('WARNINGS / Avoid triggers', 1)","('TRIGGERS / confidence & strength', 1)","('SOBRIETY / costs & benefits', 1)","('SOBRIETY / celebrate & progress', 1)","('REACTIONS', 1)"
INNER POWER / Tools,"('GROWTH / behavior & habits', 2)","('EMOTIONS', 2)","('TRUTH / dark past', 1)","('THOUGHTS', 1)","('SOBRIETY / behavior & action', 1)","('RESILIENCE / discomfort', 1)","('MINDSET / tolerate discomfort', 1)","('MINDSET / identify weaknesses', 1)","('INNER MASTERY / challenge & resilience', 1)","('INNER MASTERY / beliefs & awareness', 1)"
INNER POWER / Vulnerability,"('TRUTH / Admit addiction', 2)","('CONFESSION / denial', 2)","('WORTHINESS / self love & acceptance', 1)","('WORTHINESS / connections & sharing', 1)","('VULNERABILITY / Show true self', 1)","('URGES / tools & techniques', 1)","('TRUTH / self honesty', 1)","('PROGRESS / support ', 1)","('HIGHER POWER / surrender', 1)","('GROWTH / true self', 1)"
INTUITION,"('THOUGHTS', 1)","('NEGATIVITY', 1)","('WORTHINESS / self love & acceptance', 0)","('WORTHINESS / new life & future', 0)","('WORTHINESS / help', 0)","('WORTHINESS / deserve & rewards', 0)","('WORTHINESS / connections & sharing', 0)","('WARNINGS / self aware & listen', 0)","('WARNINGS / Relapse & tools', 0)","('WARNINGS / Avoid triggers', 0)"
JEALOUSY,"('JUDGMENTS', 1)","('GROWTH / motivation & boosts', 1)","('WORTHINESS / self love & acceptance', 0)","('WORTHINESS / new life & future', 0)","('WORTHINESS / help', 0)","('WORTHINESS / deserve & rewards', 0)","('WORTHINESS / connections & sharing', 0)","('WARNINGS / self aware & listen', 0)","('WARNINGS / Relapse & tools', 0)","('WARNINGS / Avoid triggers', 0)"
JOY,"('COMMUNITY / connection with others', 2)","('SOBRIETY / costs & benefits', 1)","('MINDSET / Clear headed', 1)","('INNER / SELF / patterns', 1)","('GROWTH / motivation & boosts', 1)","('FREEDOM / peace & harmony', 1)","('FREEDOM / future & growth', 1)","('CHANGE / self love & true self', 1)","('CHANGE / mental confidence', 1)","('WORTHINESS / self love & acceptance', 0)"
JUDGMENTS,"('LABELS / STIGMA', 2)","('WORTHINESS / deserve & rewards', 1)","('WORTHINESS / connections & sharing', 1)","('SELF ESTEEM / beliefs', 1)","('JEALOUSY', 1)","('GROWTH / motivation & boosts', 1)","('GRATITUDE / for others', 1)","('FREEDOM / future & growth', 1)","('EGO', 1)","('WORTHINESS / self love & acceptance', 0)"
LABELS / STIGMA,"('JUDGMENTS', 2)","('CONFESSION / admit', 2)","('WORTHINESS / self love & acceptance', 1)","('WORTHINESS / deserve & rewards', 1)","('WORTHINESS / connections & sharing', 1)","('VULNERABILITY / Show true self', 1)","('TRUTH / dark past', 1)","('TRUTH / Admit addiction', 1)","('SELF ESTEEM / beliefs', 1)","('GROWTH / proud', 1)"
LAPSE,"('MINDSET / imperfection & acceptance', 1)","('CONFIDENCE / acceptance & worth', 1)","('WORTHINESS / self love & acceptance', 0)","('WORTHINESS / new life & future', 0)","('WORTHINESS / help', 0)","('WORTHINESS / deserve & rewards', 0)","('WORTHINESS / connections & sharing', 0)","('WARNINGS / self aware & listen', 0)","('WARNINGS / Relapse & tools', 0)","('WARNINGS / Avoid triggers', 0)"
LONELINESS,"('INNER / SELF / balance', 1)","('INFLUENCES', 1)","('GROWTH / motivation & boosts', 1)","('COMMUNITY / healthy relationships', 1)","('WORTHINESS / self love & acceptance', 0)","('WORTHINESS / new life & future', 0)","('WORTHINESS / help', 0)","('WORTHINESS / deserve & rewards', 0)","('WORTHINESS / connections & sharing', 0)","('WARNINGS / self aware & listen', 0)"
LOVE ,"('WORTHINESS / new life & future', 1)","('WORTHINESS / connections & sharing', 1)","('INNER / SELF / harmony & inner peace', 1)","('GRATITUDE / for others', 1)","('GIVING / GENEROSITY', 1)","('CHANGE / self love & true self', 1)","('WORTHINESS / self love & acceptance', 0)","('WORTHINESS / help', 0)","('WORTHINESS / deserve & rewards', 0)","('WARNINGS / self aware & listen', 0)"
MINDSET,"('WORTHINESS / new life & future', 1)","('PROGRESS / start small', 1)","('PROGRESS / future & hope', 1)","('INNER MASTERY / strength', 1)","('GROWTH / supporting myself', 1)","('FREEDOM / past & let go', 1)","('CONFIDENCE /  obstacles & challenge', 1)","('CHANGE / courage', 1)","('WORTHINESS / self love & acceptance', 0)","('WORTHINESS / help', 0)"
MINDSET / Clear headed,"('SOBRIETY / celebrate & progress', 2)","('FREEDOM / tools & strategies', 2)","('CHANGE / mental confidence', 2)","('CHANGE / beliefs', 2)","('WARNINGS / Avoid triggers', 1)","('URGES / moods & emotions', 1)","('TRIGGERS / tools & techniques', 1)","('TRIGGERS / awareness', 1)","('THOUGHTS', 1)","('SOBRIETY / costs & benefits', 1)"
MINDSET / Future sobriety,"('FREEDOM / past & let go', 3)","('THOUGHTS', 2)","('FREEDOM / tools & strategies', 2)","('CONFIDENCE /  hope & future', 2)","('WORTHINESS / deserve & rewards', 1)","('TRUTH / dark past', 1)","('SOBRIETY / celebrate & progress', 1)","('SOBRIETY / behavior & action', 1)","('SERENITY', 1)","('RESILIENCE / discomfort', 1)"
MINDSET / Perceptions,"('TRUTH / self honesty', 2)","('VULNERABILITY / to support my sobriety', 1)","('SELF ESTEEM / beliefs', 1)","('PROGRESS / start small', 1)","('OPTIMISM', 1)","('INNER POWER / Decisions', 1)","('INNER / SELF / beliefs & insight', 1)","('GROWTH / goals & future', 1)","('CHANGE / thoughts', 1)","('WORTHINESS / self love & acceptance', 0)"
MINDSET / deal with frustration,"('TRIGGERS / awareness', 1)","('STRESS', 1)","('EMOTIONS', 1)","('WORTHINESS / self love & acceptance', 0)","('WORTHINESS / new life & future', 0)","('WORTHINESS / help', 0)","('WORTHINESS / deserve & rewards', 0)","('WORTHINESS / connections & sharing', 0)","('WARNINGS / self aware & listen', 0)","('WARNINGS / Relapse & tools', 0)"
MINDSET / identify weaknesses,"('WARNINGS / self aware & listen', 3)","('WARNINGS / Avoid triggers', 2)","('TRIGGERS / awareness', 2)","('CRAVINGS / will power & tools', 2)","('WORTHINESS / self love & acceptance', 1)","('VULNERABILITY / to support my sobriety', 1)","('PROGRESS / reactions & behavior', 1)","('OVERWHELM', 1)","('MOODS', 1)","('INNER POWER / Tools', 1)"
MINDSET / imperfection & acceptance,"('CONFESSION / denial', 2)","('WORTHINESS / self love & acceptance', 1)","('TRUTH / Inventory', 1)","('TRUTH / Admit addiction', 1)","('TRIGGERS / confidence & strength', 1)","('SITUATIONS', 1)","('LAPSE', 1)","('INNER / SELF / harmony & inner peace', 1)","('INNER / SELF / beliefs & insight', 1)","('INFLUENCES', 1)"
MINDSET / no matter what,"('EMOTIONS', 2)","('COMMITMENTS', 2)","('CHANGE / motivations', 2)","('ABSTINENCE', 2)","('WARNINGS / Relapse & tools', 1)","('WARNINGS / Avoid triggers', 1)","('TRUTH / dark past', 1)","('TRUTH / Costs', 1)","('TRIGGERS / confidence & strength', 1)","('SOBRIETY / costs & benefits', 1)"
MINDSET / obstacles & challenge,"('INNER MASTERY / tools & processes', 2)","('INNER MASTERY / strength', 2)","('HARDSHIP', 2)","('WORTHINESS / help', 1)","('VULNERABILITY / worthy', 1)","('URGES / tools & techniques', 1)","('URGES / moods & emotions', 1)","('SITUATIONS', 1)","('RESPONSIBILITY', 1)","('RESILIENCE / reaction & behavior', 1)"
MINDSET / tolerate discomfort,"('WARNINGS / self aware & listen', 2)","('URGES / tools & techniques', 2)","('RESILIENCE / discomfort', 2)","('EMOTIONS', 2)","('CHANGE / mental confidence', 2)","('SOBRIETY / maintaining & will power', 1)","('RESILIENCE / reaction & behavior', 1)","('INNER POWER / Tools', 1)","('INNER MASTERY / strength', 1)","('GROWTH / true self', 1)"
MINDSET / will power,"('INNER MASTERY / take a step back', 2)","('WARNINGS / self aware & listen', 1)","('WARNINGS / Avoid triggers', 1)","('TRIGGERS / awareness', 1)","('INNER MASTERY / self control', 1)","('FREEDOM / future & growth', 1)","('CRAVINGS / vulnerability & learning', 1)","('CHANGE / motivations', 1)","('WORTHINESS / self love & acceptance', 0)","('WORTHINESS / new life & future', 0)"
MONKEY,"('TRIGGERS / awareness', 1)","('MINDSET / Clear headed', 1)","('CHANGE / thoughts', 1)","('WORTHINESS / self love & acceptance', 0)","('WORTHINESS / new life & future', 0)","('WORTHINESS / help', 0)","('WORTHINESS / deserve & rewards', 0)","('WORTHINESS / connections & sharing', 0)","('WARNINGS / self aware & listen', 0)","('WARNINGS / Relapse & tools', 0)"
MOODS,"('OVERWHELM', 2)","('NEGATIVITY', 2)","('WORTHINESS / new life & future', 1)","('TRUST', 1)","('STRESS', 1)","('RESPONSIBILITY', 1)","('REACTIONS', 1)","('OPTIMISM', 1)","('MINDSET / identify weaknesses', 1)","('MINDSET / Future sobriety', 1)"
MOTIVATION,"('URGES / tools & techniques', 1)","('URGES / moods & emotions', 1)","('RESPONSIBILITY', 1)","('MINDSET / Future sobriety', 1)","('MINDSET / Clear headed', 1)","('INNER POWER / Self control & willpower', 1)","('INNER POWER / Decisions', 1)","('INNER MASTERY / beliefs & awareness', 1)","('INNER / SELF / Inventory', 1)","('GRATITUDE / opportunities', 1)"
NEGATIVITY,"('MOODS', 2)","('GROWTH / supporting myself', 2)","('WARNINGS / self aware & listen', 1)","('VULNERABILITY / to support my sobriety', 1)","('TRUST', 1)","('THOUGHTS', 1)","('STRESS', 1)","('SITUATIONS', 1)","('REACTIONS', 1)","('OVERWHELM', 1)"
OPTIMISM,"('DAILY WORK', 2)","('TRIGGERS / confidence & strength', 1)","('THOUGHTS', 1)","('SELF ESTEEM / beliefs', 1)","('NEGATIVITY', 1)","('MOODS', 1)","('MINDSET / Perceptions', 1)","('MINDSET / Future sobriety', 1)","('INNER MASTERY / tools & processes', 1)","('INNER / SELF / balance', 1)"
OVERWHELM,"('STRESS', 3)","('MOODS', 2)","('WARNINGS / Relapse & tools', 1)","('VULNERABILITY / Show true self', 1)","('URGES / moods & emotions', 1)","('TRUTH / Admit addiction', 1)","('NEGATIVITY', 1)","('MINDSET / identify weaknesses', 1)","('HUMOR', 1)","('GOD / thy will', 1)"
PAST,"('DEMONS', 2)","('VULNERABILITY / Show true self', 1)","('TRUTH / Costs', 1)","('REGRET', 1)","('GROWTH / learning & mistakes', 1)","('GRATITUDE / opportunities', 1)","('CONFESSION / admit', 1)","('BENEFITS / COSTS', 1)","('WORTHINESS / self love & acceptance', 0)","('WORTHINESS / new life & future', 0)"
PEACE,"('WORTHINESS / self love & acceptance', 1)","('RECONCILIATON', 1)","('INNER / SELF / harmony & inner peace', 1)","('CONFLICT', 1)","('WORTHINESS / new life & future', 0)","('WORTHINESS / help', 0)","('WORTHINESS / deserve & rewards', 0)","('WORTHINESS / connections & sharing', 0)","('WARNINGS / self aware & listen', 0)","('WARNINGS / Relapse & tools', 0)"
POWERLESSNESS,"('SOBRIETY', 1)","('RESILIENCE / will power', 1)","('PROGRESS / reactions & behavior', 1)","('MINDSET / obstacles & challenge', 1)","('INNER MASTERY / tools & processes', 1)","('GOD / reach out', 1)","('CRAVINGS / will power & tools', 1)","('CRAVINGS / vulnerability & learning', 1)","('CONFIDENCE /  obstacles & challenge', 1)","('WORTHINESS / self love & acceptance', 0)"
PRIDE ,"('EGO', 2)","('INFLUENCES', 1)","('COMMUNITY / healthy relationships', 1)","('ANGER', 1)","('WORTHINESS / self love & acceptance', 0)","('WORTHINESS / new life & future', 0)","('WORTHINESS / help', 0)","('WORTHINESS / deserve & rewards', 0)","('WORTHINESS / connections & sharing', 0)","('WARNINGS / self aware & listen', 0)"
PROGRESS / future & hope,"('SOBRIETY / celebrate & progress', 2)","('CHANGE / mental confidence', 2)","('BABY STEPS / slow changes', 2)","('VULNERABILITY / Connection', 1)","('SOBRIETY / costs & benefits', 1)","('MINDSET / Clear headed', 1)","('MINDSET', 1)","('HOPE', 1)","('GROWTH / supporting myself', 1)","('GROWTH / motivation & boosts', 1)"
PROGRESS / reactions & behavior,"('VULNERABILITY / others who’ve been there', 1)","('TRIGGERS / tools & techniques', 1)","('THOUGHTS', 1)","('POWERLESSNESS', 1)","('MINDSET / obstacles & challenge', 1)","('MINDSET / identify weaknesses', 1)","('INNER POWER / Self control & willpower', 1)","('INNER MASTERY / tools & processes', 1)","('INNER MASTERY / challenge & resilience', 1)","('INFLUENCES', 1)"
PROGRESS / rewards & proud,"('SOBRIETY / celebrate & progress', 1)","('SOBRIETY / behavior & action', 1)","('SELF ESTEEM / deserve & rewards', 1)","('INNER / SELF / patterns', 1)","('GROWTH / supporting myself', 1)","('GROWTH / successes', 1)","('GRATITUDE / progress & growth', 1)","('GIVING / GENEROSITY', 1)","('FREEDOM / tools & strategies', 1)","('COMMUNITY / sharing', 1)"
PROGRESS / start small,"('WORTHINESS / new life & future', 2)","('BABY STEPS / focus on today', 2)","('BABY STEPS / first steps', 2)","('VULNERABILITY / learning and mistakes', 1)","('SOBRIETY / maintaining & will power', 1)","('SOBRIETY', 1)","('MINDSET / Perceptions', 1)","('MINDSET', 1)","('INNER POWER / Decisions', 1)","('INNER MASTERY / take a step back', 1)"
PROGRESS / support ,"('VULNERABILITY / to support my sobriety', 1)","('SOBRIETY / behavior & action', 1)","('INNER POWER / Vulnerability', 1)","('HIGHER POWER / surrender', 1)","('GROWTH / willing to change', 1)","('GROWTH / motivation & boosts', 1)","('COMMUNITY / listen to guidance', 1)","('COMMUNITY / healthy relationships', 1)","('COMMUNITY / Meetings & groups', 1)","('WORTHINESS / self love & acceptance', 0)"
REACTIONS,"('TRIGGERS / tools & techniques', 1)","('STRESS', 1)","('SOBRIETY / behavior & action', 1)","('SITUATIONS', 1)","('NEGATIVITY', 1)","('MOODS', 1)","('INNER POWER / Self control & willpower', 1)","('INNER POWER', 1)","('INNER MASTERY / take a step back', 1)","('CONFLICT', 1)"
RECONCILIATON,"('CONFESSION / apology & forgiveness', 4)","('AMENDS', 3)","('ACCOUNTABILITY / Amends', 3)","('VULNERABILITY / Connection', 2)","('COMMUNITY / healthy relationships', 2)","('TRUTH / dark past', 1)","('PEACE', 1)","('GUILT', 1)","('CONFLICT', 1)","('CONFESSION / damage & hurt', 1)"
REGRET,"('TRUTH / Costs', 1)","('PAST', 1)","('BENEFITS / COSTS', 1)","('WORTHINESS / self love & acceptance', 0)","('WORTHINESS / new life & future', 0)","('WORTHINESS / help', 0)","('WORTHINESS / deserve & rewards', 0)","('WORTHINESS / connections & sharing', 0)","('WARNINGS / self aware & listen', 0)","('WARNINGS / Relapse & tools', 0)"
RELAPSE,"('MINDSET / obstacles & challenge', 1)","('INNER MASTERY / strength', 1)","('INFLUENCES', 1)","('GROWTH / learning & mistakes', 1)","('COMMUNITY / listen to guidance', 1)","('CHANGE / beliefs', 1)","('WORTHINESS / self love & acceptance', 0)","('WORTHINESS / new life & future', 0)","('WORTHINESS / help', 0)","('WORTHINESS / deserve & rewards', 0)"
RESILIENCE / discomfort,"('MINDSET / tolerate discomfort', 2)","('GROWTH / learning & mistakes', 2)","('SOBRIETY / costs & benefits', 1)","('MINDSET / obstacles & challenge', 1)","('MINDSET / Future sobriety', 1)","('INNER POWER / Tools', 1)","('INNER POWER / Fears & Strength', 1)","('INNER MASTERY / strength', 1)","('GROWTH / willing to change', 1)","('EMOTIONS', 1)"
RESILIENCE / reaction & behavior,"('TRIGGERS / awareness', 2)","('CONFLICT', 2)","('AGONY', 2)","('VULNERABILITY / learning and mistakes', 1)","('URGES / tools & techniques', 1)","('TRIGGERS / confidence & strength', 1)","('SOBRIETY / behavior & action', 1)","('MINDSET / tolerate discomfort', 1)","('MINDSET / obstacles & challenge', 1)","('INNER POWER / Fears & Strength', 1)"
RESILIENCE / will power,"('TRIGGERS / tools & techniques', 1)","('STRESS', 1)","('SOBRIETY', 1)","('POWERLESSNESS', 1)","('CRAVINGS / will power & tools', 1)","('CONFIDENCE /  obstacles & challenge', 1)","('WORTHINESS / self love & acceptance', 0)","('WORTHINESS / new life & future', 0)","('WORTHINESS / help', 0)","('WORTHINESS / deserve & rewards', 0)"
RESPONSIBILITY,"('ACCOUNTABILITY / Own up', 3)","('COMMITMENTS', 2)","('VULNERABILITY / learning and mistakes', 1)","('TRUTH / Inventory', 1)","('MOTIVATION', 1)","('MOODS', 1)","('MINDSET / obstacles & challenge', 1)","('INNER POWER / Decisions', 1)","('EXCUSES', 1)","('DEAD END', 1)"
SABOTAGE,"('TRUTH / dark past', 1)","('EXCUSES', 1)","('WORTHINESS / self love & acceptance', 0)","('WORTHINESS / new life & future', 0)","('WORTHINESS / help', 0)","('WORTHINESS / deserve & rewards', 0)","('WORTHINESS / connections & sharing', 0)","('WARNINGS / self aware & listen', 0)","('WARNINGS / Relapse & tools', 0)","('WARNINGS / Avoid triggers', 0)"
SELF ESTEEM / behavior,"('GROWTH / behavior & habits', 1)","('CHANGE / self love & true self', 1)","('WORTHINESS / self love & acceptance', 0)","('WORTHINESS / new life & future', 0)","('WORTHINESS / help', 0)","('WORTHINESS / deserve & rewards', 0)","('WORTHINESS / connections & sharing', 0)","('WARNINGS / self aware & listen', 0)","('WARNINGS / Relapse & tools', 0)","('WARNINGS / Avoid triggers', 0)"
SELF ESTEEM / beliefs,"('OPTIMISM', 1)","('MINDSET / Perceptions', 1)","('LABELS / STIGMA', 1)","('JUDGMENTS', 1)","('INNER MASTERY / beliefs & awareness', 1)","('CONFIDENCE /  hope & future', 1)","('CHANGE / self love & true self', 1)","('BELIEFS', 1)","('WORTHINESS / self love & acceptance', 0)","('WORTHINESS / new life & future', 0)"
SELF ESTEEM / courage,"('INNER / SELF / Inventory', 1)","('CONFESSION', 1)","('WORTHINESS / self love & acceptance', 0)","('WORTHINESS / new life & future', 0)","('WORTHINESS / help', 0)","('WORTHINESS / deserve & rewards', 0)","('WORTHINESS / connections & sharing', 0)","('WARNINGS / self aware & listen', 0)","('WARNINGS / Relapse & tools', 0)","('WARNINGS / Avoid triggers', 0)"
SELF ESTEEM / deserve & rewards,"('PROGRESS / rewards & proud', 1)","('ABSTINENCE', 1)","('WORTHINESS / self love & acceptance', 0)","('WORTHINESS / new life & future', 0)","('WORTHINESS / help', 0)","('WORTHINESS / deserve & rewards', 0)","('WORTHINESS / connections & sharing', 0)","('WARNINGS / self aware & listen', 0)","('WARNINGS / Relapse & tools', 0)","('WARNINGS / Avoid triggers', 0)"
SERENITY,"('INNER / SELF / harmony & inner peace', 4)","('FREEDOM / past & let go', 3)","('WORTHINESS / self love & acceptance', 1)","('TRUST', 1)","('SOBRIETY / behavior & action', 1)","('MINDSET / Future sobriety', 1)","('INNER / SELF / patterns', 1)","('INNER / SELF / awareness', 1)","('HIGHER POWER / confidence', 1)","('HABITS', 1)"
SHAME,"('WORTHINESS / new life & future', 1)","('VULNERABILITY / to support my sobriety', 1)","('URGES / moods & emotions', 1)","('INNER / SELF / balance', 1)","('DENIAL', 1)","('DELUSION', 1)","('CONFIDENCE / action & behavior', 1)","('CONFIDENCE / acceptance & worth', 1)","('CONFESSION / damage & hurt', 1)","('WORTHINESS / self love & acceptance', 0)"
SITUATIONS,"('REACTIONS', 1)","('NEGATIVITY', 1)","('MINDSET / obstacles & challenge', 1)","('MINDSET / imperfection & acceptance', 1)","('INNER MASTERY / challenge & resilience', 1)","('CONTROL', 1)","('WORTHINESS / self love & acceptance', 0)","('WORTHINESS / new life & future', 0)","('WORTHINESS / help', 0)","('WORTHINESS / deserve & rewards', 0)"
SOBRIETY,"('RESILIENCE / will power', 1)","('PROGRESS / start small', 1)","('POWERLESSNESS', 1)","('CRAVINGS / will power & tools', 1)","('CONFIDENCE /  obstacles & challenge', 1)","('BABY STEPS / first steps', 1)","('WORTHINESS / self love & acceptance', 0)","('WORTHINESS / new life & future', 0)","('WORTHINESS / help', 0)","('WORTHINESS / deserve & rewards', 0)"
SOBRIETY / behavior & action,"('FREEDOM / tools & strategies', 2)","('CONFLICT', 2)","('WARNINGS / self aware & listen', 1)","('VULNERABILITY / to support my sobriety', 1)","('VALUES', 1)","('URGES / tools & techniques', 1)","('TRIGGERS / awareness', 1)","('SERENITY', 1)","('RESILIENCE / reaction & behavior', 1)","('REACTIONS', 1)"
SOBRIETY / celebrate & progress,"('PROGRESS / future & hope', 2)","('MINDSET / Clear headed', 2)","('GROWTH / successes', 2)","('FREEDOM / future & growth', 2)","('CHANGE / motivations', 2)","('WORTHINESS / deserve & rewards', 1)","('WORTHINESS / connections & sharing', 1)","('WARNINGS / Avoid triggers', 1)","('URGES / tools & techniques', 1)","('PROGRESS / rewards & proud', 1)"
SOBRIETY / costs & benefits,"('CHANGE / mental confidence', 4)","('INNER / SELF / beliefs & insight', 2)","('CHANGE / motivations', 2)","('CHANGE / beliefs', 2)","('ABSTINENCE', 2)","('WARNINGS / self aware & listen', 1)","('TRUTH / self honesty', 1)","('TRUTH / dark past', 1)","('TRUTH / Costs', 1)","('RESILIENCE / discomfort', 1)"
SOBRIETY / maintaining & will power,"('ABSTINENCE', 2)","('WARNINGS / Avoid triggers', 1)","('URGES / tools & techniques', 1)","('PROGRESS / start small', 1)","('MINDSET / tolerate discomfort', 1)","('GROWTH / motivation & boosts', 1)","('FREEDOM / tools & strategies', 1)","('CONFIDENCE /  hope & future', 1)","('COMMUNITY / healthy relationships', 1)","('BABY STEPS / slow changes', 1)"
STRESS,"('OVERWHELM', 3)","('TRIGGERS / tools & techniques', 2)","('TRIGGERS / awareness', 2)","('URGES / moods & emotions', 1)","('RESILIENCE / will power', 1)","('REACTIONS', 1)","('NEGATIVITY', 1)","('MOODS', 1)","('MINDSET / deal with frustration', 1)","('INNER MASTERY / challenge & resilience', 1)"
THOUGHTS,"('MINDSET / Future sobriety', 2)","('INNER / SELF / beliefs & insight', 2)","('DEMONS', 2)","('WORTHINESS / self love & acceptance', 1)","('WORTHINESS / deserve & rewards', 1)","('VULNERABILITY / others who’ve been there', 1)","('TRUST', 1)","('TRIGGERS / awareness', 1)","('PROGRESS / reactions & behavior', 1)","('OPTIMISM', 1)"
TRIGGERS / awareness,"('WARNINGS / self aware & listen', 2)","('STRESS', 2)","('RESILIENCE / reaction & behavior', 2)","('MINDSET / identify weaknesses', 2)","('WARNINGS / Avoid triggers', 1)","('URGES / moods & emotions', 1)","('THOUGHTS', 1)","('SOBRIETY / behavior & action', 1)","('MONKEY', 1)","('MINDSET / will power', 1)"
TRIGGERS / confidence & strength,"('WARNINGS / Avoid triggers', 1)","('URGES / tools & techniques', 1)","('RESILIENCE / reaction & behavior', 1)","('OPTIMISM', 1)","('MINDSET / no matter what', 1)","('MINDSET / imperfection & acceptance', 1)","('INNER POWER / Self control & willpower', 1)","('INNER MASTERY / tools & processes', 1)","('INNER MASTERY / self control', 1)","('INNER / SELF / patterns', 1)"
TRIGGERS / tools & techniques,"('WARNINGS / Avoid triggers', 2)","('STRESS', 2)","('INNER MASTERY / self control', 2)","('TRUTH / self honesty', 1)","('RESILIENCE / will power', 1)","('REACTIONS', 1)","('PROGRESS / reactions & behavior', 1)","('MINDSET / Clear headed', 1)","('INNER MASTERY / take a step back', 1)","('INNER MASTERY / challenge & resilience', 1)"
TRUST,"('WORTHINESS / self love & acceptance', 1)","('THOUGHTS', 1)","('SERENITY', 1)","('NEGATIVITY', 1)","('MOODS', 1)","('INNER / SELF / harmony & inner peace', 1)","('FREEDOM / past & let go', 1)","('CONTROL', 1)","('BELIEFS', 1)","('WORTHINESS / new life & future', 0)"
TRUTH / Admit addiction,"('VULNERABILITY / Show true self', 2)","('INNER POWER / Vulnerability', 2)","('CONFESSION / denial', 2)","('COMMUNITY / Meetings & groups', 2)","('TRUTH / self honesty', 1)","('OVERWHELM', 1)","('MINDSET / imperfection & acceptance', 1)","('LABELS / STIGMA', 1)","('INNER MASTERY / strength', 1)","('INNER MASTERY / beliefs & awareness', 1)"
TRUTH / Costs,"('VULNERABILITY / Connection', 2)","('GROWTH / willing to change', 2)","('CHANGE / motivations', 2)","('WORTHINESS / connections & sharing', 1)","('TRUTH / dark past', 1)","('SOBRIETY / costs & benefits', 1)","('REGRET', 1)","('PAST', 1)","('MINDSET / no matter what', 1)","('INNER / SELF / balance', 1)"
TRUTH / Inventory,"('INNER / SELF / beliefs & insight', 2)","('ACCOUNTABILITY / Own up', 2)","('VULNERABILITY / learning and mistakes', 1)","('RESPONSIBILITY', 1)","('MINDSET / imperfection & acceptance', 1)","('INNER / SELF / Inventory', 1)","('CONFESSION / denial', 1)","('CONFESSION / damage & hurt', 1)","('CONFESSION', 1)","('CHANGE / beliefs', 1)"
TRUTH / dark past,"('DEAD END', 3)","('CONFESSION / damage & hurt', 3)","('ACCOUNTABILITY / damage confess', 3)","('CONFIDENCE /  obstacles & challenge', 2)","('VULNERABILITY / learning and mistakes', 1)","('VULNERABILITY / Connection', 1)","('TRUTH / Costs', 1)","('SOBRIETY / costs & benefits', 1)","('SABOTAGE', 1)","('RECONCILIATON', 1)"
TRUTH / self honesty,"('VULNERABILITY / Show true self', 2)","('MINDSET / Perceptions', 2)","('EMOTIONS', 2)","('DELUSION', 2)","('CONFESSION / denial', 2)","('BLAME', 2)","('WORTHINESS / self love & acceptance', 1)","('WORTHINESS / connections & sharing', 1)","('WARNINGS / Avoid triggers', 1)","('VULNERABILITY / to support my sobriety', 1)"
URGES / moods & emotions,"('WARNINGS / Relapse & tools', 1)","('VULNERABILITY / to support my sobriety', 1)","('TRIGGERS / awareness', 1)","('STRESS', 1)","('SHAME', 1)","('OVERWHELM', 1)","('MOTIVATION', 1)","('MINDSET / obstacles & challenge', 1)","('MINDSET / Clear headed', 1)","('INNER / SELF / balance', 1)"
URGES / support & help,"('VULNERABILITY / learning and mistakes', 1)","('TRUTH / self honesty', 1)","('WORTHINESS / self love & acceptance', 0)","('WORTHINESS / new life & future', 0)","('WORTHINESS / help', 0)","('WORTHINESS / deserve & rewards', 0)","('WORTHINESS / connections & sharing', 0)","('WARNINGS / self aware & listen', 0)","('WARNINGS / Relapse & tools', 0)","('WARNINGS / Avoid triggers', 0)"
URGES / tools & techniques,"('INNER POWER / Self control & willpower', 3)","('MINDSET / tolerate discomfort', 2)","('FREEDOM / tools & strategies', 2)","('WARNINGS / Avoid triggers', 1)","('VULNERABILITY / Show true self', 1)","('TRIGGERS / confidence & strength', 1)","('SOBRIETY / maintaining & will power', 1)","('SOBRIETY / celebrate & progress', 1)","('SOBRIETY / behavior & action', 1)","('RESILIENCE / reaction & behavior', 1)"
VALUES,"('SOBRIETY / behavior & action', 1)","('INNER / SELF / patterns', 1)","('WORTHINESS / self love & acceptance', 0)","('WORTHINESS / new life & future', 0)","('WORTHINESS / help', 0)","('WORTHINESS / deserve & rewards', 0)","('WORTHINESS / connections & sharing', 0)","('WARNINGS / self aware & listen', 0)","('WARNINGS / Relapse & tools', 0)","('WARNINGS / Avoid triggers', 0)"
VULNERABILITY / Connection,"('COMMUNITY / healthy relationships', 5)","('WORTHINESS / help', 2)","('TRUTH / Costs', 2)","('RECONCILIATON', 2)","('WORTHINESS / connections & sharing', 1)","('TRUTH / dark past', 1)","('PROGRESS / future & hope', 1)","('INNER / SELF / balance', 1)","('GROWTH / willing to change', 1)","('GIVING / GENEROSITY', 1)"
VULNERABILITY / Show true self,"('CONFIDENCE / acceptance & worth', 3)","('CONFESSION / admit', 3)","('TRUTH / self honesty', 2)","('TRUTH / Admit addiction', 2)","('DEMONS', 2)","('DELUSION', 2)","('WORTHINESS / connections & sharing', 1)","('URGES / tools & techniques', 1)","('PAST', 1)","('OVERWHELM', 1)"
VULNERABILITY / learning and mistakes,"('ACCOUNTABILITY / Own up', 4)","('CONFESSION / apology & forgiveness', 2)","('URGES / support & help', 1)","('TRUTH / self honesty', 1)","('TRUTH / dark past', 1)","('TRUTH / Inventory', 1)","('RESPONSIBILITY', 1)","('RESILIENCE / reaction & behavior', 1)","('PROGRESS / start small', 1)","('INNER / SELF / Inventory', 1)"
VULNERABILITY / others who’ve been there,"('COMPASSION', 2)","('WORTHINESS / help', 1)","('THOUGHTS', 1)","('PROGRESS / reactions & behavior', 1)","('INNER / SELF / harmony & inner peace', 1)","('DEMONS', 1)","('WORTHINESS / self love & acceptance', 0)","('WORTHINESS / new life & future', 0)","('WORTHINESS / deserve & rewards', 0)","('WORTHINESS / connections & sharing', 0)"
VULNERABILITY / to support my sobriety,"('BABY STEPS / Help & support', 4)","('EGO', 2)","('COMMUNITY / Meetings & groups', 2)","('WARNINGS / self aware & listen', 1)","('WARNINGS / Avoid triggers', 1)","('URGES / moods & emotions', 1)","('TRUTH / self honesty', 1)","('SOBRIETY / behavior & action', 1)","('SHAME', 1)","('PROGRESS / support ', 1)"
VULNERABILITY / worthy,"('WORTHINESS / help', 1)","('WORTHINESS / connections & sharing', 1)","('MINDSET / obstacles & challenge', 1)","('INNER / SELF / beliefs & insight', 1)","('WORTHINESS / self love & acceptance', 0)","('WORTHINESS / new life & future', 0)","('WORTHINESS / deserve & rewards', 0)","('WARNINGS / self aware & listen', 0)","('WARNINGS / Relapse & tools', 0)","('WARNINGS / Avoid triggers', 0)"
WARNINGS / Avoid triggers,"('TRIGGERS / tools & techniques', 2)","('MINDSET / identify weaknesses', 2)","('INNER MASTERY / self control', 2)","('INNER / SELF / patterns', 2)","('VULNERABILITY / to support my sobriety', 1)","('URGES / tools & techniques', 1)","('TRUTH / self honesty', 1)","('TRIGGERS / confidence & strength', 1)","('TRIGGERS / awareness', 1)","('SOBRIETY / maintaining & will power', 1)"
WARNINGS / Relapse & tools,"('URGES / moods & emotions', 1)","('OVERWHELM', 1)","('MINDSET / no matter what', 1)","('INNER POWER / Self control & willpower', 1)","('HIGHER POWER / surrender', 1)","('FAITH', 1)","('CRAVINGS / will power & tools', 1)","('CRAVINGS / support & help', 1)","('CONFLICT', 1)","('COMMITMENTS', 1)"
WARNINGS / self aware & listen,"('MINDSET / identify weaknesses', 3)","('TRIGGERS / awareness', 2)","('MINDSET / tolerate discomfort', 2)","('CRAVINGS / vulnerability & learning', 2)","('CHANGE / mental confidence', 2)","('VULNERABILITY / to support my sobriety', 1)","('SOBRIETY / costs & benefits', 1)","('SOBRIETY / behavior & action', 1)","('NEGATIVITY', 1)","('MINDSET / will power', 1)"
WORTHINESS / connections & sharing,"('GIVING / GENEROSITY', 3)","('HEALING', 2)","('GRATITUDE / for others', 2)","('EGO', 2)","('CONFESSION / damage & hurt', 2)","('COMMUNITY / healthy relationships', 2)","('WORTHINESS / self love & acceptance', 1)","('VULNERABILITY / worthy', 1)","('VULNERABILITY / Show true self', 1)","('VULNERABILITY / Connection', 1)"
WORTHINESS / deserve & rewards,"('THOUGHTS', 1)","('SOBRIETY / celebrate & progress', 1)","('MINDSET / Future sobriety', 1)","('LABELS / STIGMA', 1)","('JUDGMENTS', 1)","('GROWTH / celebrate', 1)","('GRATITUDE / for self', 1)","('FREEDOM / future & growth', 1)","('WORTHINESS / self love & acceptance', 0)","('WORTHINESS / new life & future', 0)"
WORTHINESS / help,"('VULNERABILITY / Connection', 2)","('VULNERABILITY / worthy', 1)","('VULNERABILITY / others who’ve been there', 1)","('MINDSET / obstacles & challenge', 1)","('COURAGE', 1)","('CONFESSION / powerlessness', 1)","('COMPASSION', 1)","('COMMUNITY / listen to guidance', 1)","('COMMUNITY / healthy relationships', 1)","('COMMUNITY / ask for assistance', 1)"
WORTHINESS / new life & future,"('PROGRESS / start small', 2)","('FREEDOM / peace & harmony', 2)","('FREEDOM / past & let go', 2)","('CONFIDENCE /  hope & future', 2)","('SHAME', 1)","('MOODS', 1)","('MINDSET', 1)","('LOVE ', 1)","('INNER POWER / Decisions', 1)","('INNER MASTERY / self control', 1)"
WORTHINESS / self love & acceptance,"('INNER / SELF / harmony & inner peace', 3)","('FREEDOM / future & growth', 2)","('WORTHINESS / connections & sharing', 1)","('TRUTH / self honesty', 1)","('TRUST', 1)","('THOUGHTS', 1)","('SERENITY', 1)","('PEACE', 1)","('MINDSET / imperfection & acceptance', 1)","('MINDSET / identify weaknesses', 1)"
