,1,2,3,4,5,6,7,8,9,10,11,12,13,14,15,16,17,18,19,20
"""WILL POWER
""","(('I', 'PRP'), 9)","(('my', 'PRP$'), 4)","(('I¡¯m', 'NNP'), 3)","(('it', 'PRP'), 3)","(('better', 'JJR'), 2)","(('can', 'MD'), 2)","(('me', 'PRP'), 2)","(('is', 'VBZ'), 2)","(('matter', 'NN'), 1)","(('get', 'VBP'), 1)","(('right', 'VBD'), 1)","(('not', 'RB'), 1)","(('how', 'WRB'), 1)","(('do', 'VB'), 1)","(('listening', 'NN'), 1)","(('listener', 'NN'), 1)","(('go', 'VBP'), 1)","(('gut', 'NN'), 1)","(('willpower', 'VBN'), 1)","(('goes', 'VBZ'), 1)"
ABSTINENCE,"(('I', 'PRP'), 95)","(('my', 'PRP$'), 43)","(('was', 'VBD'), 24)","(('me', 'PRP'), 20)","(('is', 'VBZ'), 13)","(('it', 'PRP'), 13)","(('myself', 'PRP'), 12)","((""n't"", 'RB'), 10)","(('be', 'VB'), 9)","(('am', 'VBP'), 9)","(('things', 'NNS'), 8)","(('abstinence', 'NN'), 7)","((""'s"", 'VBZ'), 7)","(('once', 'RB'), 7)","(('It', 'PRP'), 7)","(('doing', 'VBG'), 6)","(('friends', 'NNS'), 6)","(('are', 'VBP'), 6)","((""'d"", 'MD'), 6)","(('life', 'NN'), 6)"
ACCOUNTABILITY / Amends,"(('I', 'PRP'), 68)","(('my', 'PRP$'), 32)","(('me', 'PRP'), 16)","(('am', 'VBP'), 9)","(('amends', 'NNS'), 8)","(('going', 'VBG'), 8)","(('was', 'VBD'), 8)","((""'d"", 'MD'), 7)","(('had', 'VBD'), 6)","(('have', 'VBP'), 6)","(('people', 'NNS'), 6)","(('did', 'VBD'), 6)","(('make', 'VB'), 5)","(('it', 'PRP'), 5)","(('detox', 'NN'), 4)","(('done', 'VBN'), 4)","(('who', 'WP'), 4)","(('what', 'WP'), 4)","(('damage', 'NN'), 4)","(('how', 'WRB'), 4)"
ACCOUNTABILITY / De-blame,"(('I', 'PRP'), 7)","(('my', 'PRP$'), 6)","(('me', 'PRP'), 5)","(('blame', 'VB'), 3)","(('not', 'RB'), 3)","(('using', 'VBG'), 3)","(('was', 'VBD'), 3)","(('blame', 'NN'), 3)","(('used', 'VBD'), 2)","(('life', 'NN'), 2)","(('be', 'VB'), 2)","(('could', 'MD'), 2)","(('game', 'NN'), 2)","(('Ditching', 'VBG'), 2)","(('else', 'RB'), 2)","(('would', 'MD'), 2)","(('we', 'PRP'), 2)","(('alone', 'RB'), 2)","(('recovery', 'NN'), 2)","(('responsibility', 'NN'), 2)"
ACCOUNTABILITY / Own up,"(('I', 'PRP'), 119)","(('my', 'PRP$'), 52)","(('me', 'PRP'), 27)","(('was', 'VBD'), 26)","(('it', 'PRP'), 23)","(('is', 'VBZ'), 19)","(('myself', 'PRP'), 18)","(('not', 'RB'), 15)","(('am', 'VBP'), 11)","(('had', 'VBD'), 10)","(('have', 'VBP'), 9)","(('can', 'MD'), 8)","(('were', 'VBD'), 7)","(('actions', 'NNS'), 7)","(('mistakes', 'NNS'), 7)","(('be', 'VB'), 6)","(('someone', 'NN'), 6)","(('When', 'WRB'), 6)","(('It', 'PRP'), 6)","(('own', 'JJ'), 6)"
ACCOUNTABILITY / damage confess,"(('I', 'PRP'), 163)","(('my', 'PRP$'), 51)","(('was', 'VBD'), 36)","(('had', 'VBD'), 26)","(('it', 'PRP'), 24)","((""n't"", 'RB'), 23)","(('me', 'PRP'), 21)","((""'d"", 'MD'), 19)","(('been', 'VBN'), 16)","(('myself', 'PRP'), 16)","(('damage', 'NN'), 15)","(('life', 'NN'), 14)","(('did', 'VBD'), 13)","(('accept', 'VB'), 12)","(('addiction', 'NN'), 12)","(('could', 'MD'), 11)","(('friends', 'NNS'), 10)","(('do', 'VB'), 10)","(('drugs', 'NNS'), 10)","((""'ve"", 'VBP'), 8)"
AGONY,"(('I', 'PRP'), 36)","(('my', 'PRP$'), 19)","(('it', 'PRP'), 15)","(('was', 'VBD'), 12)","(('is', 'VBZ'), 9)","(('have', 'VBP'), 7)","(('be', 'VB'), 6)","(('depression', 'NN'), 6)","(('misery', 'NN'), 6)","(('not', 'RB'), 6)","(('me', 'PRP'), 6)","(('you', 'PRP'), 5)","(('would', 'MD'), 5)","(('that', 'WDT'), 5)","(('when', 'WRB'), 4)","(('are', 'VBP'), 4)","(('were', 'VBD'), 4)","((""n't"", 'RB'), 4)","((""'d"", 'MD'), 4)","(('way', 'NN'), 4)"
AMENDS,"(('I', 'PRP'), 74)","(('my', 'PRP$'), 28)","(('me', 'PRP'), 18)","(('amends', 'NNS'), 15)","(('is', 'VBZ'), 11)","(('am', 'VBP'), 10)","(('will', 'MD'), 8)","(('have', 'VBP'), 8)","(('did', 'VBD'), 8)","(('make', 'VB'), 8)","(('was', 'VBD'), 7)","(('it', 'PRP'), 7)","(('making', 'VBG'), 6)","(('going', 'VBG'), 6)","(('them', 'PRP'), 6)","(('people', 'NNS'), 6)","(('be', 'VB'), 5)","(('they', 'PRP'), 5)","(('what', 'WP'), 5)","(('apologize', 'VB'), 5)"
ANGER,"(('I', 'PRP'), 26)","(('my', 'PRP$'), 19)","(('anger', 'NN'), 14)","(('me', 'PRP'), 13)","(('it', 'PRP'), 10)","(('is', 'VBZ'), 7)","(('will', 'MD'), 6)","(('not', 'RB'), 6)","(('can', 'MD'), 6)","(('angry', 'JJ'), 5)","(('way', 'NN'), 5)","(('was', 'VBD'), 5)","(('more', 'RBR'), 4)","(('feeling', 'NN'), 4)","(('positive', 'JJ'), 4)","(('Anger', 'NNP'), 4)","(('life', 'NN'), 3)","(('be', 'VB'), 3)","(('only', 'RB'), 3)","(('When', 'WRB'), 3)"
ANXIETY,"(('I', 'PRP'), 33)","(('my', 'PRP$'), 16)","(('anxiety', 'NN'), 9)","(('me', 'PRP'), 9)","(('situation', 'NN'), 6)","(('can', 'MD'), 6)","(('problem', 'NN'), 5)","(('was', 'VBD'), 5)","((""'d"", 'MD'), 5)","(('When', 'WRB'), 4)","(('get', 'VB'), 4)","(('not', 'RB'), 4)","(('more', 'JJR'), 4)","(('is', 'VBZ'), 4)","(('had', 'VBD'), 3)","(('will', 'MD'), 3)","(('always', 'RB'), 3)","(('myself', 'PRP'), 3)","(('exiled', 'VBN'), 3)","(('that', 'WDT'), 3)"
APOLOGY,"(('friends', 'NNS'), 1)","(('first', 'JJ'), 1)","(('I', 'PRP'), 1)","(('apologies', 'NNS'), 1)","(('as', 'RB'), 1)","(('once', 'RB'), 1)","(('emerged', 'VBP'), 1)","(('rehab', 'NN'), 1)","(('heard', 'VBD'), 1)","(('well', 'RB'), 1)","(('crying', 'VBG'), 1)","(('¡°amen¡±', 'NN'), 1)","(('been', 'VBN'), 1)","(('integrity', 'NN'), 1)","(('might', 'MD'), 1)","(('they', 'PRP'), 1)","(('My', 'PRP$'), 1)","(('have', 'VBP'), 1)","(('when', 'WRB'), 1)","(('my', 'PRP$'), 1)"
BABY STEPS / Accomplishments,"(('I', 'PRP'), 25)","(('my', 'PRP$'), 15)","(('it', 'PRP'), 10)","(('is', 'VBZ'), 9)","(('one', 'CD'), 6)","(('them', 'PRP'), 5)","(('was', 'VBD'), 5)","(('step', 'NN'), 5)","(('could', 'MD'), 4)","(('me', 'PRP'), 4)","(('life', 'NN'), 3)","(('had', 'VBD'), 3)","(('ways', 'NNS'), 3)","(('wins', 'NNS'), 3)","(('get', 'VB'), 3)","(('were', 'VBD'), 3)","(('they', 'PRP'), 3)","(('little', 'JJ'), 3)","(('transcend', 'VB'), 3)","(('steps', 'NNS'), 3)"
BABY STEPS / Help & support,"(('I', 'PRP'), 108)","(('my', 'PRP$'), 35)","(('was', 'VBD'), 23)","(('me', 'PRP'), 22)","((""n't"", 'RB'), 13)","(('is', 'VBZ'), 12)","(('it', 'PRP'), 12)","(('It', 'PRP'), 11)","(('who', 'WP'), 10)","(('life', 'NN'), 9)","(('could', 'MD'), 8)","(('when', 'WRB'), 8)","(('recovery', 'NN'), 8)","(('have', 'VB'), 8)","(('can', 'MD'), 8)","(('had', 'VBD'), 7)","(('be', 'VB'), 7)","(('been', 'VBN'), 7)","((""'d"", 'MD'), 7)","(('myself', 'PRP'), 7)"
BABY STEPS / first steps,"(('I', 'PRP'), 20)","(('my', 'PRP$'), 9)","(('had', 'VBD'), 7)","(('coaster', 'NN'), 7)","(('it', 'PRP'), 7)","(('be', 'VB'), 5)","(('was', 'VBD'), 5)","(('me', 'PRP'), 5)","(('small', 'JJ'), 4)","(('recovery', 'NN'), 4)","(('It', 'PRP'), 4)","(('happy', 'JJ'), 4)","(('is', 'VBZ'), 4)","(('bipolar', 'JJ'), 4)","(('way', 'NN'), 3)","(('time', 'NN'), 3)","(('new', 'JJ'), 3)","(('bridges', 'NNS'), 3)","(('addiction', 'NN'), 3)","((""n't"", 'RB'), 3)"
BABY STEPS / focus on today,"(('I', 'PRP'), 31)","(('my', 'PRP$'), 14)","(('going', 'VBG'), 12)","((""'m"", 'VBP'), 11)","(('me', 'PRP'), 9)","(('was', 'VBD'), 8)","(('today', 'NN'), 5)","(('that', 'WDT'), 5)","(('not', 'RB'), 5)","(('it', 'PRP'), 5)","(('would', 'MD'), 4)","(('pot', 'NN'), 4)","(('life', 'NN'), 3)","(('be', 'VB'), 3)","(('tomorrow', 'NN'), 3)","(('know', 'VBP'), 3)","(('is', 'VBZ'), 3)","(('room', 'NN'), 3)","(('just', 'RB'), 3)","(('had', 'VBD'), 2)"
BABY STEPS / slow changes,"(('I', 'PRP'), 74)","(('my', 'PRP$'), 22)","(('me', 'PRP'), 17)","(('time', 'NN'), 11)","(('is', 'VBZ'), 11)","(('it', 'PRP'), 11)","(('be', 'VB'), 8)","(('have', 'VBP'), 8)","(('was', 'VBD'), 8)","(('life', 'NN'), 6)","(('am', 'VBP'), 6)","(('had', 'VBD'), 5)","(('what', 'WP'), 5)","(('get', 'VB'), 5)","(('do', 'VBP'), 5)","(('that', 'WDT'), 5)","(('one', 'CD'), 5)","(('can', 'MD'), 5)","(('when', 'WRB'), 4)","(('recovery', 'NN'), 4)"
BELIEFS,"(('I', 'PRP'), 15)","(('am', 'VBP'), 10)","(('my', 'PRP$'), 9)","(('beliefs', 'NNS'), 6)","(('not', 'RB'), 5)","(('myself', 'PRP'), 3)","(('right', 'JJ'), 3)","(('me', 'PRP'), 3)","(('are', 'VBP'), 3)","(('using', 'VBG'), 2)","(('negative', 'JJ'), 2)","(('challenge', 'VB'), 2)","(('old', 'JJ'), 2)","(('working', 'VBG'), 2)","(('directly', 'RB'), 2)","(('beliefs', 'NN'), 2)","(('one', 'CD'), 2)","(('matter', 'NN'), 1)","(('do', 'VBP'), 1)","(('good', 'JJ'), 1)"
BENEFITS / COSTS,"(('my', 'PRP$'), 9)","(('I', 'PRP'), 6)","(('decisions', 'NNS'), 3)","(('recovery', 'NN'), 3)","(('is', 'VBZ'), 2)","(('am', 'VBP'), 2)","(('life', 'NN'), 2)","(('will', 'MD'), 2)","(('me', 'PRP'), 2)","(('cost', 'NN'), 2)","(('when', 'WRB'), 2)","(('matter', 'NN'), 1)","(('Today', 'NN'), 1)","(('sobriety', 'NN'), 1)","(('potential', 'JJ'), 1)","(('Now', 'RB'), 1)","(('not', 'RB'), 1)","(('threatened', 'VBD'), 1)","(('changes', 'NNS'), 1)","(('drop', 'NN'), 1)"
BINGE,"(('I', 'PRP'), 33)","(('my', 'PRP$'), 24)","(('am', 'VBP'), 10)","(('is', 'VBZ'), 5)","(('have', 'VBP'), 5)","(('not', 'RB'), 5)","(('want', 'VBP'), 5)","(('life', 'NN'), 4)","(('will', 'MD'), 4)","(('don¡¯t', 'VBP'), 4)","(('more', 'JJR'), 4)","(('up', 'RP'), 3)","(('they', 'PRP'), 3)","(('myself', 'PRP'), 3)","(('when', 'WRB'), 3)","(('binge', 'NN'), 3)","(('back', 'RB'), 3)","(('sugar', 'NN'), 3)","((""'re"", 'VBP'), 3)","(('recovery', 'NN'), 3)"
BITTERNESS,"(('I', 'PRP'), 13)","(('was', 'VBD'), 7)","(('my', 'PRP$'), 6)","(('could', 'MD'), 3)","(('would', 'MD'), 3)","(('truth', 'NN'), 3)","(('beautiful', 'JJ'), 2)","(('bitter', 'JJ'), 2)","(('hide', 'VB'), 2)","(('myself', 'PRP'), 2)","(('only', 'RB'), 2)","(('me', 'PRP'), 2)","(('addict', 'NN'), 2)","(('more', 'RBR'), 2)","(('gold', 'NN'), 1)","(('told', 'VBN'), 1)","(('had', 'VBD'), 1)","(('couldno', 'VBP'), 1)","(('choice', 'NN'), 1)","(('when', 'WRB'), 1)"
BLAME,"(('I', 'PRP'), 28)","(('my', 'PRP$'), 17)","(('me', 'PRP'), 10)","(('was', 'VBD'), 8)","(('it', 'PRP'), 8)","(('blame', 'NN'), 7)","(('blame', 'VB'), 7)","(('life', 'NN'), 6)","(('be', 'VB'), 5)","(('would', 'MD'), 5)","(('fault', 'NN'), 4)","(('not', 'RB'), 4)","(('change', 'VB'), 4)","(('even', 'RB'), 4)","((""'d"", 'MD'), 4)","(('is', 'VBZ'), 4)","(('recovery', 'NN'), 4)","(('had', 'VBD'), 3)","(('using', 'VBG'), 3)","(('things', 'NNS'), 3)"
CHANGE / action & behavior,"(('I', 'PRP'), 35)","(('my', 'PRP$'), 17)","(('have', 'VBP'), 6)","(('was', 'VBD'), 6)","(('me', 'PRP'), 6)","(('life', 'NN'), 6)","(('it', 'PRP'), 5)","(('When', 'WRB'), 4)","(('are', 'VBP'), 4)","(('not', 'RB'), 4)","(('healthy', 'JJ'), 4)","(('stores', 'NNS'), 3)","(('is', 'VBZ'), 3)","(('stop', 'VB'), 3)","(('how', 'WRB'), 3)","(('found', 'VBD'), 3)","(('even', 'RB'), 3)","(('liquor', 'NN'), 3)","(('mental', 'JJ'), 3)","(('emotional', 'JJ'), 3)"
CHANGE / beliefs,"(('I', 'PRP'), 132)","(('my', 'PRP$'), 54)","(('was', 'VBD'), 29)","(('it', 'PRP'), 28)","(('me', 'PRP'), 28)","(('is', 'VBZ'), 17)","((""n't"", 'RB'), 14)","(('beliefs', 'NNS'), 13)","(('not', 'RB'), 12)","(('life', 'NN'), 12)","(('addiction', 'NN'), 12)","(('did', 'VBD'), 12)","(('be', 'VB'), 11)","(('myself', 'PRP'), 11)","(('them', 'PRP'), 11)","(('when', 'WRB'), 10)","(('had', 'VBD'), 9)","(('things', 'NNS'), 9)","(('am', 'VBP'), 9)","(('can', 'MD'), 9)"
CHANGE / courage,"(('I', 'PRP'), 81)","(('my', 'PRP$'), 34)","(('me', 'PRP'), 22)","(('was', 'VBD'), 16)","(('is', 'VBZ'), 13)","(('myself', 'PRP'), 13)","(('it', 'PRP'), 10)","((""'d"", 'MD'), 9)","(('God', 'NNP'), 9)","(('are', 'VBP'), 8)","(('that', 'WDT'), 8)","(('recovery', 'NN'), 7)","(('were', 'VBD'), 7)","(('when', 'WRB'), 7)","(('am', 'VBP'), 7)","(('can', 'MD'), 7)","(('life', 'NN'), 6)","(('have', 'VBP'), 6)","(('what', 'WP'), 5)","(('up', 'RP'), 5)"
CHANGE / mental confidence,"(('I', 'PRP'), 188)","(('my', 'PRP$'), 60)","(('was', 'VBD'), 39)","(('it', 'PRP'), 26)","(('me', 'PRP'), 22)","((""n't"", 'RB'), 16)","(('is', 'VBZ'), 16)","(('not', 'RB'), 15)","(('drugs', 'NNS'), 15)","((""'d"", 'MD'), 14)","(('had', 'VBD'), 13)","(('did', 'VBD'), 13)","(('life', 'NN'), 12)","(('can', 'MD'), 12)","(('addiction', 'NN'), 11)","(('up', 'RP'), 10)","(('when', 'WRB'), 10)","(('be', 'VB'), 9)","(('do', 'VB'), 9)","(('could', 'MD'), 9)"
CHANGE / motivations,"(('I', 'PRP'), 159)","(('my', 'PRP$'), 64)","(('was', 'VBD'), 41)","(('me', 'PRP'), 37)","(('is', 'VBZ'), 30)","(('it', 'PRP'), 30)","(('life', 'NN'), 16)","(('had', 'VBD'), 15)","(('addiction', 'NN'), 13)","(('myself', 'PRP'), 13)","(('drugs', 'NNS'), 13)","(('motives', 'NNS'), 12)","(('am', 'VBP'), 12)","(('not', 'RB'), 12)","(('up', 'RP'), 11)","(('It', 'PRP'), 11)","(('time', 'NN'), 11)","(('motivation', 'NN'), 10)","(('have', 'VBP'), 10)","(('did', 'VBD'), 10)"
CHANGE / self love & true self,"(('I', 'PRP'), 86)","(('my', 'PRP$'), 28)","(('was', 'VBD'), 22)","(('it', 'PRP'), 21)","(('me', 'PRP'), 19)","(('is', 'VBZ'), 14)","(('myself', 'PRP'), 14)","(('you', 'PRP'), 13)","(('am', 'VBP'), 11)","(('can', 'MD'), 11)","(('that', 'WDT'), 10)","(('being', 'VBG'), 8)","(('had', 'VBD'), 6)","(('yourself', 'PRP'), 6)","(('are', 'VBP'), 6)","(('been', 'VBN'), 6)","(('so', 'RB'), 6)","(('It', 'PRP'), 6)","(('drugs', 'NNS'), 6)","(('be', 'VB'), 5)"
CHANGE / thoughts,"(('I', 'PRP'), 47)","(('my', 'PRP$'), 28)","(('was', 'VBD'), 16)","(('me', 'PRP'), 11)","(('thoughts', 'NNS'), 10)","(('negative', 'JJ'), 7)","(('it', 'PRP'), 7)","(('life', 'NN'), 6)","(('had', 'VBD'), 6)","(('do', 'VB'), 6)","(('be', 'VB'), 5)","(('would', 'MD'), 5)","(('have', 'VBP'), 5)","(('My', 'PRP$'), 4)","(('is', 'VBZ'), 4)","(('now', 'RB'), 3)","(('free', 'JJ'), 3)","(('when', 'WRB'), 3)","(('way', 'NN'), 3)","(('how', 'WRB'), 3)"
COMMITMENTS,"(('I', 'PRP'), 89)","(('my', 'PRP$'), 28)","(('was', 'VBD'), 22)","(('me', 'PRP'), 15)","(('it', 'PRP'), 13)","(('had', 'VBD'), 12)","(('is', 'VBZ'), 10)","(('now', 'RB'), 7)","(('be', 'VB'), 7)","(('get', 'VB'), 7)","(('would', 'MD'), 7)","(('drugs', 'NNS'), 7)","(('time', 'NN'), 6)","(('myself', 'PRP'), 6)","(('gratification', 'NN'), 6)","(('not', 'RB'), 6)","(('did', 'VBD'), 6)","(('what', 'WP'), 5)","(('still', 'RB'), 5)","(('so', 'RB'), 5)"
COMMUNITY / Meetings & groups,"(('I', 'PRP'), 71)","(('my', 'PRP$'), 27)","(('me', 'PRP'), 26)","(('is', 'VBZ'), 11)","(('was', 'VBD'), 10)","(('recovery', 'NN'), 9)","(('am', 'VBP'), 8)","(('meetings', 'NNS'), 7)","(('meeting', 'NN'), 7)","(('It', 'PRP'), 6)","(('when', 'WRB'), 5)","(('have', 'VBP'), 5)","(('get', 'VB'), 5)","(('not', 'RB'), 5)","(('My', 'PRP$'), 5)","(('anger', 'NN'), 5)","(('I¡¯m', 'NNP'), 4)","(('could', 'MD'), 4)","(('are', 'VBP'), 4)","(('support', 'NN'), 4)"
COMMUNITY / ask for assistance,"(('I', 'PRP'), 38)","(('my', 'PRP$'), 19)","(('is', 'VBZ'), 13)","(('me', 'PRP'), 11)","(('not', 'RB'), 9)","(('am', 'VBP'), 9)","(('help', 'NN'), 8)","(('have', 'VBP'), 7)","(('do', 'VBP'), 6)","(('people', 'NNS'), 6)","(('recovery', 'NN'), 5)","(('that', 'WDT'), 5)","(('will', 'MD'), 4)","(('when', 'WRB'), 4)","(('don¡¯t', 'VBP'), 4)","(('foods', 'NNS'), 4)","(('food', 'NN'), 4)","(('God', 'NNP'), 3)","(('who', 'WP'), 3)","(('help', 'VB'), 3)"
COMMUNITY / connection with others,"(('I', 'PRP'), 91)","(('me', 'PRP'), 37)","(('my', 'PRP$'), 35)","(('it', 'PRP'), 24)","(('was', 'VBD'), 18)","(('is', 'VBZ'), 16)","(('had', 'VBD'), 12)","(('myself', 'PRP'), 12)","(('others', 'NNS'), 11)","(('they', 'PRP'), 10)","(('am', 'VBP'), 9)","(('people', 'NNS'), 9)","(('recovery', 'NN'), 8)","(('not', 'RB'), 8)","(('when', 'WRB'), 7)","(('When', 'WRB'), 7)","(('It', 'PRP'), 7)","(('share', 'NN'), 7)","(('just', 'RB'), 7)","(('what', 'WP'), 6)"
COMMUNITY / healthy relationships,"(('I', 'PRP'), 149)","(('my', 'PRP$'), 66)","(('me', 'PRP'), 38)","(('was', 'VBD'), 30)","(('friends', 'NNS'), 25)","(('people', 'NNS'), 23)","(('myself', 'PRP'), 22)","((""'d"", 'MD'), 15)","(('life', 'NN'), 15)","(('had', 'VBD'), 14)","(('who', 'WP'), 14)","(('bridges', 'NNS'), 13)","(('that', 'WDT'), 13)","(('were', 'VBD'), 12)","(('drugs', 'NNS'), 12)","(('are', 'VBP'), 11)","((""n't"", 'RB'), 11)","(('not', 'RB'), 11)","(('could', 'MD'), 11)","(('have', 'VBP'), 11)"
COMMUNITY / listen to guidance,"(('I', 'PRP'), 70)","(('my', 'PRP$'), 42)","(('me', 'PRP'), 27)","(('is', 'VBZ'), 14)","(('not', 'RB'), 12)","(('myself', 'PRP'), 11)","(('am', 'VBP'), 11)","(('can', 'MD'), 10)","(('was', 'VBD'), 9)","(('it', 'PRP'), 8)","(('when', 'WRB'), 7)","(('amends', 'NNS'), 7)","(('who', 'WP'), 7)","(('people', 'NNS'), 6)","(('My', 'PRP$'), 5)","(('recovery', 'NN'), 5)","(('have', 'VBP'), 5)","(('more', 'JJR'), 5)","(('hints', 'NNS'), 5)","(('have', 'VB'), 5)"
COMMUNITY / sharing,"(('I', 'PRP'), 56)","(('my', 'PRP$'), 28)","(('can', 'MD'), 12)","(('are', 'VBP'), 7)","(('have', 'VBP'), 7)","(('recovery', 'NN'), 6)","(('me', 'PRP'), 6)","(('them', 'PRP'), 5)","(('share', 'NN'), 5)","(('people', 'NNS'), 5)","(('it', 'PRP'), 5)","(('triggers', 'NNS'), 4)","(('who', 'WP'), 4)","(('when', 'WRB'), 4)","(('feelings', 'NNS'), 4)","(('am', 'VBP'), 4)","(('new', 'JJ'), 4)","(('negative', 'JJ'), 3)","(('get', 'VB'), 3)","(('life', 'NN'), 3)"
COMPASSION,"(('I', 'PRP'), 37)","(('my', 'PRP$'), 15)","(('me', 'PRP'), 8)","(('am', 'VBP'), 7)","(('was', 'VBD'), 6)","(('recovery', 'NN'), 5)","(('could', 'MD'), 4)","(('they', 'PRP'), 4)","(('not', 'RB'), 4)","(('who', 'WP'), 4)","(('are', 'VBP'), 4)","(('be', 'VB'), 4)","(('sponsor', 'NN'), 4)","(('is', 'VBZ'), 4)","(('program', 'NN'), 3)","(('share', 'NN'), 3)","(('always', 'RB'), 3)","(('when', 'WRB'), 3)","(('help', 'VB'), 3)","(('have', 'VBP'), 3)"
CONFESSION,"(('I', 'PRP'), 28)","(('my', 'PRP$'), 16)","(('it', 'PRP'), 8)","(('had', 'VBD'), 7)","(('me', 'PRP'), 6)","(('is', 'VBZ'), 6)","(('accept', 'VB'), 4)","(('vulnerable', 'JJ'), 3)","(('will', 'MD'), 3)","(('not', 'RB'), 3)","(('things', 'NNS'), 3)","(('their', 'PRP$'), 3)","(('something', 'NN'), 3)","(('have', 'VBP'), 3)","(('addiction', 'NN'), 3)","((""n't"", 'RB'), 3)","(('address', 'NN'), 2)","((""'accidentally"", 'RB'), 2)","(('someone', 'NN'), 2)","(('back', 'RB'), 2)"
CONFESSION / admit,"(('I', 'PRP'), 99)","(('my', 'PRP$'), 44)","(('was', 'VBD'), 29)","(('is', 'VBZ'), 23)","(('it', 'PRP'), 22)","(('am', 'VBP'), 19)","(('me', 'PRP'), 16)","(('life', 'NN'), 11)","(('be', 'VB'), 10)","(('recovery', 'NN'), 9)","(('food', 'NN'), 8)","(('have', 'VBP'), 7)","(('want', 'VBP'), 7)","(('things', 'NNS'), 7)","(('addiction', 'NN'), 6)","((""n't"", 'RB'), 6)","(('them', 'PRP'), 6)","(('can', 'MD'), 6)","(('don¡¯t', 'VBP'), 5)","(('It', 'PRP'), 5)"
CONFESSION / apology & forgiveness,"(('I', 'PRP'), 83)","(('my', 'PRP$'), 40)","(('me', 'PRP'), 23)","(('was', 'VBD'), 13)","(('am', 'VBP'), 13)","(('amends', 'NNS'), 11)","(('have', 'VBP'), 9)","(('it', 'PRP'), 9)","(('did', 'VBD'), 8)","(('will', 'MD'), 8)","(('myself', 'PRP'), 8)","(('make', 'VB'), 8)","(('what', 'WP'), 6)","(('someone', 'NN'), 6)","(('going', 'VBG'), 6)","(('is', 'VBZ'), 6)","(('actions', 'NNS'), 6)","(('not', 'RB'), 6)","(('had', 'VBD'), 5)","(('making', 'VBG'), 5)"
CONFESSION / damage & hurt,"(('I', 'PRP'), 164)","(('my', 'PRP$'), 56)","(('was', 'VBD'), 29)","(('had', 'VBD'), 23)","(('did', 'VBD'), 23)","(('it', 'PRP'), 23)","((""n't"", 'RB'), 22)","(('me', 'PRP'), 18)","(('things', 'NNS'), 17)","(('is', 'VBZ'), 16)","(('them', 'PRP'), 16)","(('addiction', 'NN'), 15)","(('myself', 'PRP'), 13)","(('damage', 'NN'), 12)","(('not', 'RB'), 12)","(('life', 'NN'), 11)","(('have', 'VB'), 11)","(('people', 'NNS'), 11)","(('have', 'VBP'), 10)","(('can', 'MD'), 10)"
CONFESSION / denial,"(('I', 'PRP'), 114)","(('my', 'PRP$'), 48)","(('myself', 'PRP'), 27)","(('it', 'PRP'), 22)","(('was', 'VBD'), 19)","(('is', 'VBZ'), 19)","(('me', 'PRP'), 18)","((""'d"", 'MD'), 13)","(('are', 'VBP'), 10)","((""n't"", 'RB'), 9)","(('that', 'WDT'), 9)","(('am', 'VBP'), 9)","(('be', 'VB'), 8)","(('When', 'WRB'), 8)","(('have', 'VBP'), 8)","(('life', 'NN'), 8)","(('would', 'MD'), 8)","(('doing', 'VBG'), 7)","(('I¡¯m', 'NNP'), 7)","(('recovery', 'NN'), 7)"
CONFESSION / powerlessness,"(('I', 'PRP'), 42)","(('am', 'VBP'), 18)","(('my', 'PRP$'), 18)","(('is', 'VBZ'), 12)","(('not', 'RB'), 8)","(('addiction', 'NN'), 7)","(('me', 'PRP'), 7)","(('help', 'NN'), 6)","(('myself', 'PRP'), 5)","(('do', 'VBP'), 4)","(('recovery', 'NN'), 4)","(('have', 'VBP'), 4)","(('Today', 'NN'), 4)","(('something', 'NN'), 3)","(('God', 'NNP'), 3)","(('who', 'WP'), 3)","(('part', 'NN'), 3)","(('need', 'VBP'), 3)","(('change', 'VB'), 3)","(('admitting', 'VBG'), 3)"
CONFIDENCE,"(('my', 'PRP$'), 8)","(('I', 'PRP'), 6)","(('is', 'VBZ'), 5)","(('step', 'NN'), 4)","(('steps', 'NNS'), 3)","(('matter', 'NN'), 2)","(('was', 'VBD'), 2)","(('drugs', 'NNS'), 2)","(('life', 'NN'), 2)","(('one', 'CD'), 2)","(('size', 'NN'), 2)","(('recovery', 'NN'), 2)","(('confidence', 'NN'), 2)","(('me', 'PRP'), 2)","(('it', 'PRP'), 2)","(('celebrate', 'VBP'), 2)","(('valued', 'VBN'), 1)","(('reinforce', 'VB'), 1)","(('keep', 'VBP'), 1)","(('take', 'VBP'), 1)"
CONFIDENCE /  hope & future,"(('I', 'PRP'), 131)","(('my', 'PRP$'), 56)","(('is', 'VBZ'), 31)","(('was', 'VBD'), 25)","(('it', 'PRP'), 20)","(('have', 'VBP'), 18)","(('me', 'PRP'), 18)","(('life', 'NN'), 17)","(('can', 'MD'), 15)","(('you', 'PRP'), 12)","((""n't"", 'RB'), 12)","(('recovery', 'NN'), 12)","(('be', 'VB'), 11)","(('It', 'PRP'), 10)","(('are', 'VBP'), 9)","(('not', 'RB'), 9)","(('things', 'NNS'), 9)","(('When', 'WRB'), 9)","(('what', 'WP'), 7)","(('when', 'WRB'), 7)"
CONFIDENCE /  obstacles & challenge,"(('I', 'PRP'), 109)","(('my', 'PRP$'), 31)","(('was', 'VBD'), 24)","(('me', 'PRP'), 23)","(('life', 'NN'), 15)","(('is', 'VBZ'), 14)","(('had', 'VBD'), 13)","(('it', 'PRP'), 13)","(('are', 'VBP'), 10)","(('have', 'VBP'), 9)","((""'d"", 'MD'), 9)","(('will', 'MD'), 9)","(('am', 'VBP'), 9)","(('addiction', 'NN'), 8)","((""n't"", 'RB'), 8)","(('they', 'PRP'), 8)","(('that', 'WDT'), 8)","(('not', 'RB'), 8)","(('drugs', 'NNS'), 8)","(('friends', 'NNS'), 7)"
CONFIDENCE / acceptance & worth,"(('I', 'PRP'), 71)","(('my', 'PRP$'), 23)","(('am', 'VBP'), 17)","(('was', 'VBD'), 14)","(('me', 'PRP'), 14)","(('is', 'VBZ'), 9)","(('it', 'PRP'), 9)","(('they', 'PRP'), 8)","((""n't"", 'RB'), 7)","(('them', 'PRP'), 7)","(('friends', 'NNS'), 6)","(('life', 'NN'), 6)","(('not', 'RB'), 6)","(('hard', 'JJ'), 5)","(('have', 'VBP'), 5)","((""'d"", 'MD'), 5)","(('disguise', 'NN'), 5)","(('people', 'NNS'), 5)","(('see', 'VB'), 5)","(('beliefs', 'NNS'), 4)"
CONFIDENCE / action & behavior,"(('I', 'PRP'), 78)","(('my', 'PRP$'), 32)","(('was', 'VBD'), 21)","(('is', 'VBZ'), 18)","(('me', 'PRP'), 15)","(('it', 'PRP'), 14)","(('am', 'VBP'), 10)","(('can', 'MD'), 10)","(('something', 'NN'), 9)","((""n't"", 'RB'), 7)","(('that', 'WDT'), 7)","(('myself', 'PRP'), 6)","(('do', 'VBP'), 6)","(('have', 'VBP'), 5)","(('habits', 'NNS'), 5)","((""'s"", 'VBZ'), 5)","(('life', 'NN'), 5)","(('problem', 'NN'), 5)","(('you', 'PRP'), 5)","(('bad', 'JJ'), 5)"
CONFLICT,"(('I', 'PRP'), 78)","(('my', 'PRP$'), 18)","(('conflict', 'NN'), 12)","(('was', 'VBD'), 11)","(('be', 'VB'), 8)","(('myself', 'PRP'), 8)","(('me', 'PRP'), 8)","(('them', 'PRP'), 7)","(('do', 'VBP'), 7)","(('is', 'VBZ'), 7)","(('can', 'MD'), 7)","(('how', 'WRB'), 6)","(('have', 'VBP'), 6)","(('it', 'PRP'), 6)","(('had', 'VBD'), 5)","(('way', 'NN'), 5)","(('situations', 'NNS'), 5)","(('not', 'RB'), 5)","(('emotions', 'NNS'), 5)","(('people', 'NNS'), 5)"
CONTROL,"(('I', 'PRP'), 58)","(('my', 'PRP$'), 21)","(('it', 'PRP'), 17)","(('was', 'VBD'), 14)","(('control', 'NN'), 12)","(('control', 'VB'), 10)","(('me', 'PRP'), 10)","(('life', 'NN'), 9)","((""n't"", 'RB'), 7)","(('is', 'VBZ'), 7)","(('not', 'RB'), 7)","(('them', 'PRP'), 6)","(('are', 'VBP'), 5)","((""'d"", 'MD'), 5)","(('way', 'NN'), 5)","(('things', 'NNS'), 5)","(('can', 'MD'), 5)","(('be', 'VB'), 4)","(('go', 'VB'), 4)","(('would', 'MD'), 4)"
COURAGE,"(('I', 'PRP'), 16)","(('my', 'PRP$'), 11)","(('is', 'VBZ'), 10)","(('not', 'RB'), 6)","(('have', 'VBP'), 5)","(('am', 'VBP'), 4)","(('me', 'PRP'), 4)","(('help', 'NN'), 4)","(('life', 'NN'), 3)","(('myself', 'PRP'), 3)","(('do', 'VBP'), 3)","((""'s"", 'VBZ'), 3)","(('change', 'VB'), 3)","(('you', 'PRP'), 2)","(('when', 'WRB'), 2)","(('Today', 'NN'), 2)","(('support', 'NN'), 2)","(('who', 'WP'), 2)","(('what', 'WP'), 2)","(('bitter', 'JJ'), 2)"
CRAVINGS / support & help,"(('I', 'PRP'), 30)","(('my', 'PRP$'), 10)","(('it', 'PRP'), 9)","(('was', 'VBD'), 7)","(('me', 'PRP'), 6)","(('have', 'VBP'), 6)","(('could', 'MD'), 5)","(('get', 'VB'), 4)","(('be', 'VB'), 4)","(('can', 'MD'), 4)","(('when', 'WRB'), 3)","(('just', 'RB'), 3)","(('do', 'VBP'), 3)","(('use', 'VB'), 3)","(('know', 'VB'), 3)","(('bad', 'JJ'), 3)","(('My', 'PRP$'), 3)","(('cravings', 'NNS'), 3)","(('Just', 'NNP'), 2)","(('thoughts', 'NNS'), 2)"
CRAVINGS / vulnerability & learning,"(('I', 'PRP'), 48)","(('my', 'PRP$'), 31)","(('is', 'VBZ'), 23)","(('not', 'RB'), 18)","(('are', 'VBP'), 16)","(('me', 'PRP'), 16)","(('it', 'PRP'), 15)","(('have', 'VBP'), 12)","(('that', 'WDT'), 12)","(('cravings', 'NNS'), 10)","(('addiction', 'NN'), 9)","(('they', 'PRP'), 9)","(('myself', 'PRP'), 8)","(('power', 'NN'), 8)","(('craving', 'NN'), 8)","(('Cravings', 'NNS'), 7)","(('am', 'VBP'), 7)","(('be', 'VB'), 6)","(('control', 'VB'), 6)","(('them', 'PRP'), 6)"
CRAVINGS / will power & tools,"(('I', 'PRP'), 70)","(('my', 'PRP$'), 30)","(('it', 'PRP'), 28)","(('me', 'PRP'), 12)","(('is', 'VBZ'), 11)","(('was', 'VBD'), 11)","(('be', 'VB'), 10)","(('are', 'VBP'), 9)","((""n't"", 'RB'), 9)","(('would', 'MD'), 9)","(('not', 'RB'), 9)","((""'d"", 'MD'), 8)","(('cravings', 'NNS'), 8)","(('have', 'VBP'), 7)","(('when', 'WRB'), 6)","(('they', 'PRP'), 6)","(('am', 'VBP'), 6)","(('did', 'VBD'), 6)","(('addiction', 'NN'), 6)","(('myself', 'PRP'), 5)"
DAILY WORK,"(('my', 'PRP$'), 20)","(('I', 'PRP'), 17)","(('is', 'VBZ'), 8)","(('am', 'VBP'), 7)","(('things', 'NNS'), 5)","(('recovery', 'NN'), 5)","(('have', 'VBP'), 5)","(('that', 'WDT'), 5)","(('new', 'JJ'), 5)","(('me', 'PRP'), 5)","(('life', 'NN'), 4)","(('will', 'MD'), 4)","(('thoughts', 'NNS'), 4)","(('It', 'PRP'), 4)","(('negative', 'JJ'), 3)","(('important', 'JJ'), 3)","(('I¡¯m', 'NNP'), 3)","(('being', 'VBG'), 2)","(('exploring', 'VBG'), 2)","(('when', 'WRB'), 2)"
DEAD END,"(('I', 'PRP'), 138)","(('my', 'PRP$'), 45)","(('was', 'VBD'), 38)","(('me', 'PRP'), 32)","((""'d"", 'MD'), 26)","(('myself', 'PRP'), 21)","(('had', 'VBD'), 15)","(('it', 'PRP'), 15)","(('drugs', 'NNS'), 12)","(('could', 'MD'), 11)","(('go', 'VB'), 10)","((""n't"", 'RB'), 10)","(('up', 'RP'), 8)","(('friends', 'NNS'), 8)","(('It', 'PRP'), 8)","(('were', 'VBD'), 8)","(('life', 'NN'), 8)","(('would', 'MD'), 8)","(('not', 'RB'), 7)","(('addiction', 'NN'), 7)"
DELUSION,"(('I', 'PRP'), 97)","(('was', 'VBD'), 27)","(('it', 'PRP'), 26)","(('my', 'PRP$'), 23)","(('is', 'VBZ'), 19)","(('me', 'PRP'), 18)","(('It', 'PRP'), 11)","((""n't"", 'RB'), 11)","(('had', 'VBD'), 7)","(('when', 'WRB'), 7)","(('time', 'NN'), 7)","(('did', 'VBD'), 7)","(('what', 'WP'), 6)","((""'s"", 'VBZ'), 6)","((""'d"", 'MD'), 6)","(('life', 'NN'), 6)","(('would', 'MD'), 6)","(('them', 'PRP'), 6)","(('just', 'RB'), 6)","(('now', 'RB'), 5)"
DEMONS,"(('I', 'PRP'), 47)","(('my', 'PRP$'), 20)","(('is', 'VBZ'), 17)","(('have', 'VBP'), 11)","(('food', 'NN'), 11)","(('am', 'VBP'), 11)","(('them', 'PRP'), 9)","(('thoughts', 'NNS'), 9)","(('was', 'VBD'), 9)","(('me', 'PRP'), 9)","(('demons', 'NNS'), 7)","(('it', 'PRP'), 7)","(('what', 'WP'), 6)","(('been', 'VBN'), 6)","(('My', 'PRP$'), 6)","(('can', 'MD'), 6)","(('recovery', 'NN'), 5)","(('do', 'VBP'), 5)","(('there', 'EX'), 5)","(('that', 'WDT'), 5)"
DENIAL,"(('I', 'PRP'), 50)","(('was', 'VBD'), 18)","(('my', 'PRP$'), 11)","(('me', 'PRP'), 10)","(('it', 'PRP'), 7)","(('focus', 'VB'), 6)","((""'d"", 'MD'), 6)","(('could', 'MD'), 5)","(('benefits', 'NNS'), 5)","((""n't"", 'RB'), 5)","(('had', 'VBD'), 4)","(('things', 'NNS'), 4)","(('them', 'PRP'), 4)","(('detox', 'NN'), 3)","(('up', 'RP'), 3)","(('even', 'RB'), 3)","(('sobriety', 'NN'), 3)","(('Denial', 'NNP'), 3)","(('friends', 'NNS'), 3)","(('addiction', 'NN'), 3)"
DESPAIR,"(('I', 'PRP'), 16)","(('it', 'PRP'), 11)","(('my', 'PRP$'), 7)","(('was', 'VBD'), 6)","(('me', 'PRP'), 5)","(('became', 'VBD'), 3)","(('once', 'RB'), 3)","(('addiction', 'NN'), 3)","(('misery', 'NN'), 3)","(('crutch', 'NN'), 2)","(('came', 'VBD'), 2)","(('myself', 'PRP'), 2)","(('watching', 'VBG'), 2)","(('just', 'RB'), 2)","(('least', 'JJS'), 2)","(('that', 'WDT'), 2)","(('pot', 'NN'), 2)","(('led', 'VBD'), 2)","((""n't"", 'RB'), 2)","(('there', 'EX'), 2)"
EGO,"(('I', 'PRP'), 65)","(('was', 'VBD'), 25)","(('it', 'PRP'), 19)","(('my', 'PRP$'), 18)","(('me', 'PRP'), 16)","((""n't"", 'RB'), 10)","(('had', 'VBD'), 7)","(('friends', 'NNS'), 7)","(('life', 'NN'), 7)","(('My', 'PRP$'), 7)","(('when', 'WRB'), 6)","(('their', 'PRP$'), 6)","(('have', 'VB'), 6)","(('who', 'WP'), 6)","(('be', 'VB'), 5)","(('they', 'PRP'), 5)","(('did', 'VBD'), 5)","(('forward', 'RB'), 5)","(('something', 'NN'), 4)","(('second', 'JJ'), 4)"
EMOTIONS,"(('I', 'PRP'), 123)","(('my', 'PRP$'), 40)","(('was', 'VBD'), 22)","(('feelings', 'NNS'), 19)","(('is', 'VBZ'), 19)","(('am', 'VBP'), 19)","(('it', 'PRP'), 19)","(('me', 'PRP'), 18)","(('not', 'RB'), 14)","(('emotions', 'NNS'), 13)","(('myself', 'PRP'), 13)","(('can', 'MD'), 13)","(('had', 'VBD'), 10)","(('be', 'VB'), 10)","(('them', 'PRP'), 10)","(('drugs', 'NNS'), 10)","((""n't"", 'RB'), 9)","((""'d"", 'MD'), 9)","(('they', 'PRP'), 9)","(('that', 'WDT'), 9)"
EXCUSES,"(('I', 'PRP'), 94)","(('my', 'PRP$'), 37)","(('excuses', 'NNS'), 24)","(('me', 'PRP'), 16)","(('was', 'VBD'), 14)","(('myself', 'PRP'), 13)","(('it', 'PRP'), 11)","(('is', 'VBZ'), 9)","(('am', 'VBP'), 9)","(('not', 'RB'), 8)","(('just', 'RB'), 7)","(('had', 'VBD'), 6)","((""'d"", 'MD'), 6)","(('can', 'MD'), 6)","(('When', 'WRB'), 6)","(('what', 'WP'), 5)","(('have', 'VBP'), 5)","(('are', 'VBP'), 5)","(('more', 'JJR'), 5)","(('time', 'NN'), 5)"
FAITH,"(('I', 'PRP'), 34)","(('my', 'PRP$'), 10)","(('was', 'VBD'), 8)","(('have', 'VBP'), 6)","(('me', 'PRP'), 5)","(('just', 'RB'), 5)","(('something', 'NN'), 5)","(('you', 'PRP'), 4)","(('it', 'PRP'), 4)","(('It', 'PRP'), 3)","(('power', 'NN'), 3)","(('do', 'VBP'), 3)","(('fate', 'NN'), 3)","((""'s"", 'VBZ'), 3)","(('is', 'VBZ'), 3)","(('not', 'RB'), 2)","(('get', 'VB'), 2)","(('now', 'RB'), 2)","(('when', 'WRB'), 2)","(('up', 'RP'), 2)"
FEAR,"(('I', 'PRP'), 13)","(('my', 'PRP$'), 8)","(('I¡¯m', 'NNP'), 4)","(('recovery', 'NN'), 4)","(('change', 'NN'), 3)","(('am', 'VBP'), 3)","(('myself', 'PRP'), 3)","(('not', 'RB'), 2)","(('changes', 'NNS'), 2)","(('they', 'PRP'), 2)","(('first', 'JJ'), 2)","(('was', 'VBD'), 2)","(('Today', 'NN'), 2)","(('groups', 'NNS'), 2)","(('make', 'VB'), 2)","(('it', 'PRP'), 2)","(('My', 'PRP$'), 2)","(('is', 'VBZ'), 2)","(('change', 'VB'), 2)","(('that', 'WDT'), 2)"
FORGIVENESS,"(('I', 'PRP'), 22)","(('was', 'VBD'), 8)","(('me', 'PRP'), 7)","(('my', 'PRP$'), 7)","(('it', 'PRP'), 5)","(('had', 'VBD'), 4)","(('they', 'PRP'), 4)","(('manic', 'JJ'), 4)","(('were', 'VBD'), 4)","(('forgive', 'VB'), 3)","(('gone', 'VBN'), 3)","(('friends', 'NNS'), 3)","(('past', 'NN'), 2)","(('not', 'RB'), 2)","(('fault', 'NN'), 2)","(('go', 'VB'), 2)","(('people', 'NNS'), 2)","(('years', 'NNS'), 2)","(('myself', 'PRP'), 2)","(('who', 'WP'), 2)"
FREEDOM,"(('I', 'PRP'), 49)","(('my', 'PRP$'), 15)","(('me', 'PRP'), 15)","(('it', 'PRP'), 14)","(('was', 'VBD'), 13)","(('is', 'VBZ'), 11)","(('can', 'MD'), 11)","((""n't"", 'RB'), 9)","(('be', 'VB'), 8)","(('are', 'VBP'), 8)","(('life', 'NN'), 7)","(('free', 'JJ'), 7)","(('being', 'VBG'), 5)","(('control', 'NN'), 5)","(('you', 'PRP'), 5)","(('food', 'NN'), 5)","(('layers', 'NNS'), 5)","(('could', 'MD'), 4)","(('out', 'RP'), 4)","(('once', 'RB'), 4)"
FREEDOM / future & growth,"(('I', 'PRP'), 128)","(('my', 'PRP$'), 51)","(('was', 'VBD'), 34)","(('is', 'VBZ'), 26)","(('me', 'PRP'), 20)","(('have', 'VBP'), 15)","(('it', 'PRP'), 14)","(('am', 'VBP'), 13)","(('when', 'WRB'), 12)","(('life', 'NN'), 12)","(('had', 'VBD'), 9)","(('recovery', 'NN'), 9)","(('that', 'WDT'), 8)","(('so', 'RB'), 7)","(('It', 'PRP'), 7)","(('myself', 'PRP'), 7)","(('things', 'NNS'), 7)","(('can', 'MD'), 7)","(('be', 'VB'), 6)","(('feelings', 'NNS'), 6)"
FREEDOM / past & let go,"(('I', 'PRP'), 141)","(('my', 'PRP$'), 55)","(('was', 'VBD'), 29)","(('me', 'PRP'), 24)","(('life', 'NN'), 21)","(('it', 'PRP'), 20)","(('am', 'VBP'), 14)","(('is', 'VBZ'), 14)","(('had', 'VBD'), 11)","(('not', 'RB'), 10)","(('now', 'RB'), 9)","(('what', 'WP'), 9)","(('could', 'MD'), 8)","((""'d"", 'MD'), 8)","(('things', 'NNS'), 8)","(('drugs', 'NNS'), 8)","(('future', 'NN'), 8)","(('today', 'NN'), 7)","(('be', 'VB'), 7)","(('never', 'RB'), 7)"
FREEDOM / peace & harmony,"(('I', 'PRP'), 93)","(('my', 'PRP$'), 35)","(('me', 'PRP'), 18)","(('was', 'VBD'), 17)","(('it', 'PRP'), 10)","(('is', 'VBZ'), 9)","(('myself', 'PRP'), 9)","((""n't"", 'RB'), 8)","(('life', 'NN'), 8)","(('It', 'PRP'), 8)","(('when', 'WRB'), 7)","((""'s"", 'VBZ'), 7)","(('am', 'VBP'), 7)","(('can', 'MD'), 7)","(('had', 'VBD'), 6)","(('what', 'WP'), 6)","(('are', 'VBP'), 6)","(('have', 'VBP'), 6)","((""'d"", 'MD'), 6)","(('you', 'PRP'), 6)"
FREEDOM / tools & strategies,"(('I', 'PRP'), 135)","(('my', 'PRP$'), 76)","(('me', 'PRP'), 45)","(('is', 'VBZ'), 29)","(('it', 'PRP'), 25)","(('was', 'VBD'), 22)","(('not', 'RB'), 19)","(('will', 'MD'), 19)","(('life', 'NN'), 18)","(('have', 'VBP'), 15)","(('are', 'VBP'), 14)","(('am', 'VBP'), 14)","(('God', 'NNP'), 13)","(('recovery', 'NN'), 13)","(('can', 'MD'), 12)","(('way', 'NN'), 11)","(('that', 'WDT'), 11)","(('be', 'VB'), 10)","(('we', 'PRP'), 10)","(('things', 'NNS'), 9)"
GIVING / GENEROSITY,"(('I', 'PRP'), 46)","(('my', 'PRP$'), 14)","(('it', 'PRP'), 13)","(('was', 'VBD'), 10)","(('me', 'PRP'), 8)","(('is', 'VBZ'), 6)","(('who', 'WP'), 5)","(('recovery', 'NN'), 5)","(('have', 'VBP'), 5)","(('forward', 'RB'), 5)","(('had', 'VBD'), 4)","(('they', 'PRP'), 4)","(('how', 'WRB'), 4)","(('share', 'NN'), 4)","(('something', 'NN'), 4)","(('are', 'VBP'), 4)","((""n't"", 'RB'), 4)","(('can', 'MD'), 4)","(('friends', 'NNS'), 3)","(('always', 'RB'), 3)"
GOD / reach out,"(('I', 'PRP'), 29)","(('me', 'PRP'), 14)","(('my', 'PRP$'), 13)","(('God', 'NNP'), 9)","(('is', 'VBZ'), 7)","(('not', 'RB'), 6)","(('food', 'NN'), 6)","(('out', 'RP'), 5)","(('that', 'WDT'), 5)","(('foods', 'NNS'), 4)","(('recovery', 'NN'), 4)","(('can¡¯t', 'VBP'), 4)","(('was', 'VBD'), 4)","(('am', 'VBP'), 4)","(('be', 'VB'), 3)","(('go', 'VB'), 3)","(('help', 'VB'), 3)","(('never', 'RB'), 3)","(('have', 'VBP'), 3)","(('good', 'JJ'), 3)"
GOD / thy will,"(('I', 'PRP'), 46)","(('my', 'PRP$'), 25)","(('me', 'PRP'), 23)","(('is', 'VBZ'), 14)","(('God', 'NNP'), 9)","(('not', 'RB'), 9)","(('have', 'VBP'), 8)","(('will', 'MD'), 8)","(('be', 'VB'), 7)","(('am', 'VBP'), 7)","(('can', 'MD'), 7)","(('life', 'NN'), 5)","(('that', 'WDT'), 5)","(('problem', 'NN'), 5)","(('pain', 'NN'), 5)","(('things', 'NNS'), 4)","(('too', 'RB'), 4)","(('recovery', 'NN'), 4)","(('more', 'JJR'), 4)","(('situation', 'NN'), 4)"
GRATITUDE / for others,"(('I', 'PRP'), 78)","(('my', 'PRP$'), 22)","(('it', 'PRP'), 20)","(('me', 'PRP'), 19)","(('was', 'VBD'), 17)","(('is', 'VBZ'), 12)","(('had', 'VBD'), 9)","(('life', 'NN'), 7)","(('so', 'RB'), 6)","(('could', 'MD'), 5)","(('do', 'VB'), 5)","(('became', 'VBD'), 5)","(('have', 'VB'), 5)","(('did', 'VBD'), 5)","(('when', 'WRB'), 4)","(('miracle', 'NN'), 4)","(('how', 'WRB'), 4)","(('learned', 'VBD'), 4)","(('transform', 'VB'), 4)","(('get', 'VB'), 4)"
GRATITUDE / for self,"(('I', 'PRP'), 18)","(('my', 'PRP$'), 13)","(('have', 'VBP'), 7)","(('recovery', 'NN'), 6)","(('things', 'NNS'), 4)","(('me', 'PRP'), 4)","(('positive', 'JJ'), 4)","(('it', 'PRP'), 4)","(('thoughts', 'NNS'), 3)","(('was', 'VBD'), 3)","(('that', 'WDT'), 3)","(('never', 'RB'), 3)","(('build', 'VB'), 2)","(('conducive', 'JJ'), 2)","(('thinking', 'NN'), 2)","(('new', 'JJ'), 2)","(('inner', 'JJ'), 2)","(('am', 'VBP'), 2)","(('very', 'RB'), 2)","(('be', 'VB'), 2)"
GRATITUDE / opportunities,"(('I', 'PRP'), 37)","(('was', 'VBD'), 10)","(('my', 'PRP$'), 8)","(('is', 'VBZ'), 6)","(('something', 'NN'), 5)","(('fate', 'NN'), 4)","(('clean', 'JJ'), 4)","(('you', 'PRP'), 4)","(('am', 'VBP'), 4)","(('had', 'VBD'), 3)","(('life', 'NN'), 3)","(('be', 'VB'), 3)","(('always', 'RB'), 3)","(('what', 'WP'), 3)","(('hell', 'NN'), 3)","(('too', 'RB'), 3)","(('that', 'WDT'), 3)","(('do', 'VBP'), 3)","(('get', 'VB'), 3)","(('It', 'PRP'), 3)"
GRATITUDE / progress & growth,"(('I', 'PRP'), 86)","(('my', 'PRP$'), 35)","(('me', 'PRP'), 29)","(('was', 'VBD'), 18)","(('life', 'NN'), 15)","(('it', 'PRP'), 13)","(('God', 'NNP'), 12)","(('is', 'VBZ'), 10)","((""'d"", 'MD'), 7)","(('journey', 'NN'), 7)","(('am', 'VBP'), 7)","(('be', 'VB'), 6)","(('that', 'WDT'), 6)","(('drugs', 'NNS'), 6)","(('now', 'RB'), 5)","(('something', 'NN'), 5)","(('had', 'VBD'), 5)","(('recovery', 'NN'), 5)","(('little', 'JJ'), 5)","(('are', 'VBP'), 5)"
GROWTH,"(('I', 'PRP'), 14)","(('when', 'WRB'), 4)","(('my', 'PRP$'), 4)","(('is', 'VBZ'), 4)","(('comes', 'VBZ'), 3)","(('connections', 'NNS'), 3)","(('them', 'PRP'), 3)","(('now', 'RB'), 2)","(('build', 'VB'), 2)","(('was', 'VBD'), 2)","(('set', 'VBN'), 2)","(('new', 'JJ'), 2)","(('change', 'NN'), 2)","(('bridges', 'NNS'), 2)","(('myself', 'PRP'), 2)","(('said', 'VBD'), 2)","(('it', 'PRP'), 2)","(('have', 'VB'), 2)","(('have', 'VBP'), 2)","(('more', 'JJR'), 2)"
GROWTH / behavior & habits,"(('I', 'PRP'), 91)","(('my', 'PRP$'), 21)","(('was', 'VBD'), 17)","(('it', 'PRP'), 11)","(('myself', 'PRP'), 9)","(('am', 'VBP'), 9)","((""'d"", 'MD'), 8)","(('My', 'PRP$'), 8)","(('me', 'PRP'), 8)","(('way', 'NN'), 7)","(('is', 'VBZ'), 7)","(('positive', 'JJ'), 7)","(('when', 'WRB'), 6)","(('that', 'WDT'), 6)","(('can', 'MD'), 6)","(('have', 'VBP'), 5)","(('are', 'VBP'), 5)","(('new', 'JJ'), 5)","(('It', 'PRP'), 5)","(('not', 'RB'), 5)"
GROWTH / celebrate,"(('I', 'PRP'), 9)","(('it', 'PRP'), 5)","(('my', 'PRP$'), 4)","(('little', 'JJ'), 3)","(('wins', 'NNS'), 3)","(('how', 'WRB'), 2)","(('more', 'RBR'), 2)","(('myself', 'PRP'), 2)","(('good', 'JJ'), 2)","(('there', 'RB'), 2)","(('becomes', 'VBZ'), 1)","(('sobriety', 'NN'), 1)","(('get', 'VB'), 1)","(('that', 'WDT'), 1)","(('least', 'JJS'), 1)","(('boost', 'VB'), 1)","(('now', 'RB'), 1)","(('anything', 'NN'), 1)","(('Celebrating', 'VBG'), 1)","(('usually', 'RB'), 1)"
GROWTH / goals & future,"(('I', 'PRP'), 49)","(('was', 'VBD'), 15)","(('my', 'PRP$'), 8)","(('me', 'PRP'), 7)","(('it', 'PRP'), 7)","(('could', 'MD'), 6)","(('focus', 'VB'), 6)","((""n't"", 'RB'), 6)","((""'d"", 'MD'), 6)","(('would', 'MD'), 5)","(('benefits', 'NNS'), 5)","(('future', 'NN'), 5)","(('finish', 'JJ'), 4)","(('line', 'NN'), 4)","(('never', 'RB'), 4)","(('get', 'VB'), 4)","(('sobriety', 'NN'), 4)","(('only', 'RB'), 4)","(('getting', 'VBG'), 4)","(('had', 'VBD'), 3)"
GROWTH / learning & mistakes,"(('I', 'PRP'), 119)","(('my', 'PRP$'), 34)","(('me', 'PRP'), 28)","(('was', 'VBD'), 26)","(('it', 'PRP'), 22)","(('are', 'VBP'), 17)","(('is', 'VBZ'), 14)","(('not', 'RB'), 12)","(('had', 'VBD'), 10)","(('recovery', 'NN'), 10)","(('God', 'NNP'), 9)","(('life', 'NN'), 9)","(('am', 'VBP'), 9)","(('when', 'WRB'), 8)","(('have', 'VBP'), 8)","(('what', 'WP'), 7)","(('they', 'PRP'), 7)","(('now', 'RB'), 6)","(('could', 'MD'), 6)","(('be', 'VB'), 6)"
GROWTH / motivation & boosts,"(('I', 'PRP'), 59)","(('my', 'PRP$'), 27)","(('me', 'PRP'), 14)","(('is', 'VBZ'), 9)","(('am', 'VBP'), 9)","(('you', 'PRP'), 8)","(('have', 'VBP'), 7)","(('that', 'WDT'), 7)","(('not', 'RB'), 7)","(('recovery', 'NN'), 6)","(('life', 'NN'), 6)","(('myself', 'PRP'), 6)","(('can', 'MD'), 6)","(('what', 'WP'), 5)","(('When', 'WRB'), 5)","(('are', 'VBP'), 5)","(('new', 'JJ'), 5)","(('didn¡¯t', 'VBP'), 4)","(('things', 'NNS'), 4)","(('has', 'VBZ'), 4)"
GROWTH / proud,"(('I', 'PRP'), 32)","(('am', 'VBP'), 9)","(('my', 'PRP$'), 7)","(('is', 'VBZ'), 7)","(('so', 'RB'), 5)","(('me', 'PRP'), 5)","(('it', 'PRP'), 5)","(('myself', 'PRP'), 4)","(('miracle', 'NN'), 4)","(('edge', 'NN'), 4)","(('was', 'VBD'), 4)","(('I¡¯m', 'NNP'), 3)","(('when', 'WRB'), 3)","(('take', 'VB'), 3)","(('have', 'VBP'), 3)","(('are', 'VBP'), 3)","(('much', 'JJ'), 3)","(('not', 'RB'), 3)","(('simply', 'RB'), 3)","(('be', 'VB'), 2)"
GROWTH / successes,"(('I', 'PRP'), 60)","(('my', 'PRP$'), 20)","(('was', 'VBD'), 14)","(('me', 'PRP'), 12)","(('it', 'PRP'), 12)","(('when', 'WRB'), 9)","(('is', 'VBZ'), 9)","(('one', 'CD'), 9)","(('have', 'VBP'), 8)","(('myself', 'PRP'), 8)","(('had', 'VBD'), 6)","(('could', 'MD'), 6)","((""n't"", 'RB'), 6)","((""'d"", 'MD'), 6)","(('life', 'NN'), 6)","(('them', 'PRP'), 6)","(('be', 'VB'), 5)","(('room', 'NN'), 5)","(('just', 'RB'), 5)","(('feelings', 'NNS'), 4)"
GROWTH / supporting myself,"(('I', 'PRP'), 84)","(('my', 'PRP$'), 39)","(('me', 'PRP'), 24)","((""'m"", 'VBP'), 13)","(('going', 'VBG'), 12)","(('is', 'VBZ'), 12)","(('was', 'VBD'), 12)","(('not', 'RB'), 11)","(('that', 'WDT'), 10)","(('life', 'NN'), 8)","(('have', 'VBP'), 6)","(('get', 'VB'), 6)","(('things', 'NNS'), 6)","(('am', 'VBP'), 6)","(('make', 'VB'), 6)","(('it', 'PRP'), 6)","(('when', 'WRB'), 5)","(('When', 'WRB'), 5)","(('recovery', 'NN'), 5)","(('time', 'NN'), 5)"
GROWTH / true self,"(('I', 'PRP'), 76)","(('my', 'PRP$'), 30)","(('was', 'VBD'), 24)","(('me', 'PRP'), 18)","(('it', 'PRP'), 11)","(('not', 'RB'), 9)","(('myself', 'PRP'), 8)","(('were', 'VBD'), 8)","(('had', 'VBD'), 7)","((""'d"", 'MD'), 7)","(('drugs', 'NNS'), 7)","(('instinct', 'NN'), 6)","(('could', 'MD'), 5)","(('go', 'VB'), 5)","(('stop', 'VB'), 5)","(('new', 'JJ'), 5)","(('addiction', 'NN'), 5)","(('It', 'PRP'), 5)","(('day', 'NN'), 5)","(('they', 'PRP'), 5)"
GROWTH / willing to change,"(('I', 'PRP'), 171)","(('was', 'VBD'), 62)","(('my', 'PRP$'), 57)","(('it', 'PRP'), 27)","(('me', 'PRP'), 26)","(('life', 'NN'), 21)","(('myself', 'PRP'), 20)","((""'d"", 'MD'), 19)","((""n't"", 'RB'), 16)","(('had', 'VBD'), 14)","(('be', 'VB'), 12)","(('could', 'MD'), 12)","(('would', 'MD'), 11)","(('not', 'RB'), 10)","(('friends', 'NNS'), 10)","(('is', 'VBZ'), 10)","(('way', 'NN'), 9)","(('drugs', 'NNS'), 9)","((""'m"", 'VBP'), 9)","(('addiction', 'NN'), 9)"
GUILT,"(('I', 'PRP'), 19)","(('my', 'PRP$'), 7)","(('was', 'VBD'), 5)","((""'d"", 'MD'), 5)","(('guilt', 'VB'), 3)","(('me', 'PRP'), 3)","(('too', 'RB'), 3)","(('friends', 'NNS'), 3)","(('detox', 'NN'), 2)","(('could', 'MD'), 2)","(('people', 'NNS'), 2)","(('terrible', 'JJ'), 2)","(('made', 'VBD'), 2)","(('that', 'WDT'), 2)","((""n't"", 'RB'), 2)","(('it', 'PRP'), 2)","(('guilt', 'NN'), 2)","(('beautiful', 'JJ'), 1)","(('made', 'VBN'), 1)","(('situation', 'NN'), 1)"
HABITS,"(('I', 'PRP'), 6)","(('habits', 'NNS'), 5)","(('bad', 'JJ'), 4)","(('my', 'PRP$'), 3)","(('am', 'VBP'), 3)","(('is', 'VBZ'), 2)","(('myself', 'PRP'), 2)","(('more', 'JJR'), 2)","(('means', 'NN'), 2)","(('behavior', 'NN'), 2)","(('busting', 'VBG'), 2)","(('stress', 'NN'), 1)","(('Meditation', 'NN'), 1)","(('task', 'NN'), 1)","(('engaged', 'VBN'), 1)","(('i.e', 'NN'), 1)","(('feeling', 'VBG'), 1)","(('stripping', 'VBG'), 1)","(('rid', 'VB'), 1)","(('used', 'VBD'), 1)"
HARDSHIP,"(('I', 'PRP'), 41)","(('my', 'PRP$'), 13)","(('was', 'VBD'), 11)","(('life', 'NN'), 10)","(('had', 'VBD'), 9)","(('that', 'WDT'), 9)","((""n't"", 'RB'), 9)","(('hardships', 'NNS'), 7)","(('me', 'PRP'), 7)","(('it', 'PRP'), 7)","(('be', 'VB'), 5)","(('been', 'VBN'), 5)","(('is', 'VBZ'), 5)","(('myself', 'PRP'), 4)","(('have', 'VBP'), 4)","(('accept', 'VB'), 4)","(('did', 'VBD'), 4)","(('do', 'VB'), 4)","(('much', 'RB'), 3)","(('what', 'WP'), 3)"
HEALING,"(('I', 'PRP'), 59)","(('my', 'PRP$'), 22)","(('did', 'VBD'), 12)","(('it', 'PRP'), 12)","(('was', 'VBD'), 11)","((""n't"", 'RB'), 10)","(('things', 'NNS'), 9)","(('had', 'VBD'), 7)","(('be', 'VB'), 6)","(('addiction', 'NN'), 6)","(('me', 'PRP'), 6)","(('her', 'PRP$'), 6)","(('them', 'PRP'), 6)","(('is', 'VBZ'), 5)","(('what', 'WP'), 4)","(('wife', 'NN'), 4)","(('pot', 'NN'), 4)","(('very', 'RB'), 4)","(('know', 'VBP'), 4)","(('just', 'RB'), 4)"
HIGHER POWER / confidence,"(('I', 'PRP'), 17)","(('my', 'PRP$'), 17)","(('is', 'VBZ'), 8)","(('me', 'PRP'), 6)","(('are', 'VBP'), 5)","(('God', 'NNP'), 4)","(('recovery', 'NN'), 4)","(('today', 'NN'), 3)","(('up', 'RP'), 3)","(('always', 'RB'), 3)","(('changes', 'NNS'), 3)","(('that', 'WDT'), 3)","(('not', 'RB'), 2)","(('foods', 'NNS'), 2)","(('when', 'WRB'), 2)","(('true', 'JJ'), 2)","(('past', 'JJ'), 2)","(('it', 'PRP'), 2)","(('most', 'RBS'), 2)","(('sometimes', 'RB'), 2)"
HIGHER POWER / surrender,"(('I', 'PRP'), 52)","(('me', 'PRP'), 19)","(('my', 'PRP$'), 17)","(('it', 'PRP'), 10)","(('God', 'NNP'), 8)","(('life', 'NN'), 7)","(('have', 'VBP'), 7)","(('am', 'VBP'), 6)","(('not', 'RB'), 6)","(('was', 'VBD'), 6)","(('can', 'MD'), 6)","(('do', 'VBP'), 5)","(('anger', 'NN'), 5)","(('will', 'MD'), 4)","(('When', 'WRB'), 4)","(('way', 'NN'), 4)","(('get', 'VB'), 4)","(('universe', 'NN'), 4)","(('is', 'VBZ'), 4)","(('had', 'VBD'), 3)"
HOPE,"(('I', 'PRP'), 66)","(('was', 'VBD'), 19)","(('my', 'PRP$'), 17)","(('me', 'PRP'), 13)","(('it', 'PRP'), 10)","(('could', 'MD'), 8)","((""n't"", 'RB'), 7)","(('would', 'MD'), 6)","(('get', 'VB'), 6)","(('drugs', 'NNS'), 6)","(('future', 'NN'), 6)","(('gratification', 'NN'), 5)","(('only', 'JJ'), 5)","(('anger', 'NN'), 5)","(('had', 'VBD'), 4)","(('life', 'NN'), 4)","(('be', 'VB'), 4)","(('will', 'MD'), 4)","(('always', 'RB'), 4)","(('way', 'NN'), 4)"
HUMOR,"(('I', 'PRP'), 2)","(('maybe', 'RB'), 2)","(('problem', 'NN'), 2)","(('I¡¯ll', 'NNP'), 2)","(('is', 'VBZ'), 1)","(('going', 'VBG'), 1)","(('hill', 'NN'), 1)","(('be', 'VB'), 1)","(('well', 'RB'), 1)","(('Creating', 'VBG'), 1)","(('award', 'NN'), 1)","(('air', 'NN'), 1)","(('win', 'VBP'), 1)","(('boredom', 'NN'), 1)","(('thin', 'JJ'), 1)","(('can', 'MD'), 1)","(('when', 'WRB'), 1)","(('isn¡¯t', 'VBP'), 1)","(('there', 'EX'), 1)","(('least', 'JJS'), 1)"
INFLUENCES,"(('I', 'PRP'), 56)","(('my', 'PRP$'), 22)","(('people', 'NNS'), 18)","(('me', 'PRP'), 18)","(('have', 'VBP'), 12)","(('friends', 'NNS'), 11)","(('is', 'VBZ'), 10)","(('who', 'WP'), 10)","(('are', 'VBP'), 8)","(('be', 'VB'), 7)","(('recovery', 'NN'), 7)","(('will', 'MD'), 7)","(('they', 'PRP'), 7)","(('They', 'PRP'), 7)","(('it', 'PRP'), 7)","(('when', 'WRB'), 6)","(('was', 'VBD'), 6)","(('them', 'PRP'), 6)","(('that', 'WDT'), 6)","(('am', 'VBP'), 6)"
INNER / SELF / Inventory,"(('I', 'PRP'), 49)","(('my', 'PRP$'), 35)","(('me', 'PRP'), 15)","(('am', 'VBP'), 14)","(('is', 'VBZ'), 13)","(('myself', 'PRP'), 11)","(('have', 'VBP'), 8)","(('vulnerable', 'JJ'), 7)","(('was', 'VBD'), 7)","(('it', 'PRP'), 7)","(('not', 'RB'), 6)","(('Today', 'NN'), 5)","(('when', 'WRB'), 4)","(('how', 'WRB'), 4)","(('actions', 'NNS'), 4)","(('plan', 'NN'), 4)","(('addiction', 'NN'), 4)","(('can', 'MD'), 4)","(('life', 'NN'), 3)","(('be', 'VB'), 3)"
INNER / SELF / awareness,"(('I', 'PRP'), 100)","(('my', 'PRP$'), 53)","(('was', 'VBD'), 30)","(('it', 'PRP'), 25)","(('me', 'PRP'), 24)","(('is', 'VBZ'), 13)","(('had', 'VBD'), 12)","(('myself', 'PRP'), 12)","(('be', 'VB'), 11)","((""n't"", 'RB'), 10)","(('they', 'PRP'), 10)","(('addiction', 'NN'), 9)","(('can', 'MD'), 9)","((""'s"", 'VBZ'), 8)","(('It', 'PRP'), 8)","((""'d"", 'MD'), 8)","(('life', 'NN'), 8)","(('not', 'RB'), 8)","(('triggers', 'NNS'), 8)","(('did', 'VBD'), 8)"
INNER / SELF / balance,"(('I', 'PRP'), 71)","(('was', 'VBD'), 17)","(('my', 'PRP$'), 15)","(('is', 'VBZ'), 14)","(('me', 'PRP'), 13)","(('it', 'PRP'), 12)","((""n't"", 'RB'), 9)","(('feel', 'VB'), 8)","(('life', 'NN'), 8)","(('myself', 'PRP'), 8)","(('people', 'NNS'), 8)","(('pot', 'NN'), 7)","(('what', 'WP'), 6)","(('able', 'JJ'), 6)","(('that', 'WDT'), 6)","(('can', 'MD'), 6)","(('be', 'VB'), 5)","(('really', 'RB'), 5)","(('doing', 'VBG'), 4)","(('when', 'WRB'), 4)"
INNER / SELF / beliefs & insight,"(('I', 'PRP'), 129)","(('my', 'PRP$'), 55)","(('was', 'VBD'), 29)","(('me', 'PRP'), 24)","(('myself', 'PRP'), 19)","(('it', 'PRP'), 19)","(('life', 'NN'), 14)","(('is', 'VBZ'), 13)","(('had', 'VBD'), 11)","(('could', 'MD'), 11)","(('drugs', 'NNS'), 11)","(('were', 'VBD'), 10)","(('did', 'VBD'), 10)","(('motives', 'NNS'), 9)","((""n't"", 'RB'), 8)","((""'s"", 'POS'), 8)","(('others', 'NNS'), 8)","(('be', 'VB'), 7)","(('what', 'WP'), 7)","(('My', 'PRP$'), 7)"
INNER / SELF / harmony & inner peace,"(('I', 'PRP'), 109)","(('my', 'PRP$'), 50)","(('was', 'VBD'), 30)","(('me', 'PRP'), 22)","(('it', 'PRP'), 20)","(('have', 'VBP'), 11)","((""n't"", 'RB'), 11)","(('things', 'NNS'), 10)","(('peace', 'NN'), 9)","(('inner', 'JJ'), 9)","(('be', 'VB'), 8)","(('could', 'MD'), 8)","(('not', 'RB'), 8)","(('can', 'MD'), 8)","(('When', 'WRB'), 7)","((""'d"", 'MD'), 7)","(('life', 'NN'), 7)","(('myself', 'PRP'), 7)","(('would', 'MD'), 7)","(('drugs', 'NNS'), 7)"
INNER / SELF / patterns,"(('I', 'PRP'), 126)","(('my', 'PRP$'), 55)","(('was', 'VBD'), 29)","(('me', 'PRP'), 27)","(('it', 'PRP'), 24)","(('that', 'WDT'), 16)","(('when', 'WRB'), 15)","(('is', 'VBZ'), 14)","(('going', 'VBG'), 13)","(('life', 'NN'), 13)","((""'m"", 'VBP'), 13)","((""n't"", 'RB'), 10)","(('addiction', 'NN'), 10)","(('not', 'RB'), 9)","(('myself', 'PRP'), 9)","(('new', 'JJ'), 8)","((""'d"", 'MD'), 8)","(('have', 'VBP'), 8)","(('things', 'NNS'), 8)","(('have', 'VB'), 7)"
INNER /SELF / true self,"(('I', 'PRP'), 26)","(('my', 'PRP$'), 14)","(('was', 'VBD'), 9)","(('myself', 'PRP'), 6)","(('me', 'PRP'), 6)","(('had', 'VBD'), 4)","(('life', 'NN'), 4)","(('feelings', 'NNS'), 4)","(('friends', 'NNS'), 4)","(('it', 'PRP'), 4)","(('drugs', 'NNS'), 3)","(('started', 'VBD'), 3)","(('It', 'PRP'), 3)","(('how', 'WRB'), 3)","((""n't"", 'RB'), 3)","((""'d"", 'MD'), 3)","(('lot', 'NN'), 3)","(('much', 'JJ'), 2)","(('once', 'RB'), 2)","(('hide', 'VB'), 2)"
INNER MASTERY / beliefs & awareness,"(('I', 'PRP'), 130)","(('my', 'PRP$'), 61)","(('was', 'VBD'), 36)","(('me', 'PRP'), 31)","(('it', 'PRP'), 27)","(('myself', 'PRP'), 25)","(('excuses', 'NNS'), 18)","(('had', 'VBD'), 15)","(('am', 'VBP'), 13)","(('motivation', 'NN'), 12)","(('is', 'VBZ'), 12)","(('not', 'RB'), 11)","(('drugs', 'NNS'), 9)","(('addiction', 'NN'), 8)","(('now', 'RB'), 7)","(('beliefs', 'NNS'), 7)","(('It', 'PRP'), 7)","((""'d"", 'MD'), 7)","(('began', 'VBD'), 7)","(('My', 'PRP$'), 7)"
INNER MASTERY / challenge & resilience,"(('I', 'PRP'), 80)","(('my', 'PRP$'), 36)","(('is', 'VBZ'), 24)","(('have', 'VBP'), 19)","(('am', 'VBP'), 17)","(('are', 'VBP'), 15)","(('will', 'MD'), 15)","(('not', 'RB'), 14)","(('me', 'PRP'), 14)","(('it', 'PRP'), 11)","(('recovery', 'NN'), 10)","(('be', 'VB'), 9)","(('life', 'NN'), 8)","(('always', 'RB'), 8)","(('when', 'WRB'), 7)","(('problem', 'NN'), 7)","(('It', 'PRP'), 7)","(('that', 'WDT'), 7)","(('one', 'CD'), 7)","(('challenges', 'NNS'), 7)"
INNER MASTERY / self control,"(('I', 'PRP'), 68)","(('my', 'PRP$'), 22)","(('is', 'VBZ'), 15)","(('it', 'PRP'), 15)","(('can', 'MD'), 13)","(('am', 'VBP'), 11)","(('are', 'VBP'), 11)","(('triggers', 'NNS'), 9)","(('have', 'VBP'), 8)","(('addiction', 'NN'), 8)","(('It', 'PRP'), 8)","((""n't"", 'RB'), 7)","(('when', 'WRB'), 6)","(('they', 'PRP'), 6)","(('that', 'WDT'), 6)","(('me', 'PRP'), 6)","(('go', 'VB'), 5)","(('life', 'NN'), 5)","(('things', 'NNS'), 5)","(('them', 'PRP'), 5)"
INNER MASTERY / strength,"(('I', 'PRP'), 58)","(('my', 'PRP$'), 15)","(('have', 'VBP'), 13)","(('it', 'PRP'), 11)","(('is', 'VBZ'), 8)","(('am', 'VBP'), 8)","(('was', 'VBD'), 8)","(('me', 'PRP'), 8)","(('life', 'NN'), 6)","(('not', 'RB'), 5)","(('are', 'VBP'), 5)","(('can', 'MD'), 5)","(('had', 'VBD'), 4)","(('It', 'PRP'), 4)","(('today', 'NN'), 3)","(('now', 'RB'), 3)","(('way', 'NN'), 3)","(('when', 'WRB'), 3)","(('misery', 'NN'), 3)","(('again', 'RB'), 3)"
INNER MASTERY / take a step back,"(('I', 'PRP'), 42)","(('my', 'PRP$'), 16)","(('me', 'PRP'), 11)","(('is', 'VBZ'), 10)","(('what', 'WP'), 6)","(('when', 'WRB'), 5)","(('more', 'RBR'), 5)","(('how', 'WRB'), 4)","(('gratification', 'NN'), 4)","(('am', 'VBP'), 4)","(('she', 'PRP'), 4)","(('can', 'MD'), 4)","(('it', 'PRP'), 4)","(('edge', 'NN'), 4)","(('why', 'WRB'), 3)","(('saying', 'VBG'), 3)","(('will', 'MD'), 3)","(('angry', 'JJ'), 3)","(('take', 'VB'), 3)","(('do', 'VBP'), 3)"
INNER MASTERY / tools & processes,"(('I', 'PRP'), 61)","(('my', 'PRP$'), 31)","(('me', 'PRP'), 18)","(('it', 'PRP'), 17)","(('is', 'VBZ'), 14)","(('was', 'VBD'), 10)","(('had', 'VBD'), 8)","(('be', 'VB'), 8)","(('can', 'MD'), 8)","(('recovery', 'NN'), 6)","(('not', 'RB'), 6)","(('negative', 'JJ'), 5)","(('thoughts', 'NNS'), 5)","(('became', 'VBD'), 4)","(('own', 'JJ'), 4)","(('learned', 'VBD'), 4)","(('transform', 'VB'), 4)","(('problem', 'NN'), 4)","(('depression', 'NN'), 4)","(('chance', 'NN'), 4)"
INNER POWER,"(('I', 'PRP'), 30)","(('my', 'PRP$'), 11)","(('it', 'PRP'), 10)","(('me', 'PRP'), 8)","(('life', 'NN'), 6)","(('bad', 'JJ'), 5)","(('was', 'VBD'), 5)","(('news', 'NN'), 5)","(('is', 'VBZ'), 5)","(('not', 'RB'), 4)","(('power', 'NN'), 4)","(('wins', 'NNS'), 3)","(('little', 'JJ'), 3)","(('that', 'WDT'), 3)","(('good', 'JJ'), 3)","(('gutter', 'NN'), 3)","(('drugs', 'NNS'), 3)","(('appreciate', 'VBP'), 3)","(('enough', 'RB'), 3)","(('had', 'VBD'), 2)"
INNER POWER / Decisions,"(('I', 'PRP'), 47)","(('my', 'PRP$'), 31)","(('is', 'VBZ'), 15)","(('am', 'VBP'), 13)","(('it', 'PRP'), 8)","(('not', 'RB'), 7)","(('impulses', 'NNS'), 7)","(('are', 'VBP'), 6)","(('them', 'PRP'), 6)","(('me', 'PRP'), 6)","(('can', 'MD'), 6)","(('recovery', 'NN'), 5)","(('myself', 'PRP'), 5)","(('decisions', 'NNS'), 5)","(('beliefs', 'NNS'), 4)","(('be', 'VB'), 4)","(('when', 'WRB'), 4)","(('yourself', 'PRP'), 4)","(('means', 'VBZ'), 4)","(('life', 'NN'), 4)"
INNER POWER / Fears & Strength,"(('I', 'PRP'), 47)","(('my', 'PRP$'), 16)","(('is', 'VBZ'), 13)","(('it', 'PRP'), 9)","(('have', 'VBP'), 8)","(('am', 'VBP'), 8)","(('will', 'MD'), 6)","(('always', 'RB'), 6)","(('that', 'WDT'), 6)","(('not', 'RB'), 6)","(('them', 'PRP'), 5)","(('new', 'JJ'), 5)","(('challenges', 'NNS'), 5)","(('end', 'NN'), 4)","(('myself', 'PRP'), 4)","(('back', 'RB'), 4)","(('room', 'NN'), 4)","(('were', 'VBD'), 4)","(('me', 'PRP'), 4)","(('dead', 'JJ'), 4)"
INNER POWER / Self control & willpower,"(('I', 'PRP'), 134)","(('my', 'PRP$'), 61)","(('is', 'VBZ'), 33)","(('it', 'PRP'), 30)","(('have', 'VBP'), 23)","(('was', 'VBD'), 17)","(('that', 'WDT'), 16)","(('me', 'PRP'), 16)","(('not', 'RB'), 11)","((""n't"", 'RB'), 10)","(('myself', 'PRP'), 10)","(('things', 'NNS'), 10)","(('them', 'PRP'), 10)","(('life', 'NN'), 9)","(('am', 'VBP'), 9)","(('be', 'VB'), 8)","(('do', 'VB'), 8)","(('recovery', 'NN'), 7)","(('do', 'VBP'), 7)","(('everything', 'NN'), 7)"
INNER POWER / Tools,"(('I', 'PRP'), 99)","(('my', 'PRP$'), 34)","(('was', 'VBD'), 17)","(('it', 'PRP'), 15)","(('me', 'PRP'), 14)","(('myself', 'PRP'), 11)","((""'d"", 'MD'), 10)","(('drugs', 'NNS'), 9)","(('did', 'VBD'), 9)","((""n't"", 'RB'), 7)","(('had', 'VBD'), 6)","(('would', 'MD'), 6)","(('addiction', 'NN'), 6)","(('world', 'NN'), 5)","(('have', 'VBP'), 5)","(('way', 'NN'), 5)","(('when', 'WRB'), 5)","(('life', 'NN'), 5)","(('use', 'VB'), 5)","(('damage', 'NN'), 5)"
INNER POWER / Vulnerability,"(('I', 'PRP'), 85)","(('my', 'PRP$'), 24)","(('am', 'VBP'), 21)","(('not', 'RB'), 17)","(('me', 'PRP'), 15)","(('is', 'VBZ'), 13)","(('myself', 'PRP'), 13)","(('addiction', 'NN'), 10)","(('do', 'VBP'), 10)","(('it', 'PRP'), 10)","(('are', 'VBP'), 9)","(('have', 'VBP'), 8)","(('life', 'NN'), 7)","(('have', 'VB'), 6)","(('can', 'MD'), 6)","(('recovery', 'NN'), 5)","(('they', 'PRP'), 5)","(('who', 'WP'), 5)","(('things', 'NNS'), 5)","(('Today', 'NN'), 5)"
INTUITION,"(('I', 'PRP'), 4)","(('is', 'VBZ'), 3)","(('my', 'PRP$'), 2)","(('myself', 'PRP'), 2)","(('opportunities', 'NNS'), 2)","(('get', 'VB'), 1)","(('it', 'PRP'), 1)","(('same', 'JJ'), 1)","(('leads', 'VBZ'), 1)","(('not', 'RB'), 1)","(('negative', 'JJ'), 1)","(('compass', 'NN'), 1)","(('intuition', 'NN'), 1)","(('thought', 'NN'), 1)","(('am', 'VBP'), 1)","(('everything', 'NN'), 1)","(('serve', 'VBP'), 1)","(('limitless', 'JJ'), 1)","(('love', 'VBP'), 1)","(('immediately', 'RB'), 1)"
JEALOUSY,"(('I', 'PRP'), 8)","(('my', 'PRP$'), 6)","(('jealousy', 'NN'), 3)","(('not', 'RB'), 3)","(('is', 'VBZ'), 3)","(('can', 'MD'), 3)","(('will', 'MD'), 2)","(('what', 'WP'), 2)","(('own', 'JJ'), 2)","(('more', 'JJR'), 2)","(('that', 'WDT'), 2)","(('more', 'RBR'), 2)","(('has', 'VBZ'), 2)","(('do', 'VBP'), 1)","(('going', 'VBG'), 1)","(('do', 'VB'), 1)","(('thoughts', 'NNS'), 1)","(('street', 'NN'), 1)","(('feeling', 'VBG'), 1)","(('get', 'VB'), 1)"
JOY,"(('I', 'PRP'), 29)","(('my', 'PRP$'), 10)","(('me', 'PRP'), 7)","(('not', 'RB'), 6)","(('you', 'PRP'), 6)","(('it', 'PRP'), 5)","(('endorphins', 'NNS'), 4)","((""'s"", 'VBZ'), 4)","(('brain', 'NN'), 4)","(('was', 'VBD'), 4)","(('am', 'VBP'), 4)","(('were', 'VBD'), 4)","(('It', 'PRP'), 4)","(('does', 'VBZ'), 3)","(('My', 'PRP$'), 3)","(('when', 'WRB'), 3)","(('your', 'PRP$'), 3)","((""'s"", 'POS'), 3)","(('drugs', 'NNS'), 3)","(('people', 'NNS'), 3)"
JUDGMENTS,"(('I', 'PRP'), 27)","(('my', 'PRP$'), 10)","(('am', 'VBP'), 7)","(('me', 'PRP'), 7)","(('is', 'VBZ'), 7)","(('it', 'PRP'), 6)","(('addict', 'NN'), 5)","(('can', 'MD'), 5)","(('life', 'NN'), 4)","(('be', 'VB'), 4)","(('they', 'PRP'), 4)","(('always', 'RB'), 4)","(('what', 'WP'), 4)","(('junkie', 'NN'), 4)","(('not', 'RB'), 4)","(('was', 'VBD'), 4)","(('will', 'MD'), 4)","(('people', 'NNS'), 4)","(('junk', 'NN'), 4)","((""'s"", 'VBZ'), 3)"
LABELS / STIGMA,"(('I', 'PRP'), 70)","(('it', 'PRP'), 22)","(('my', 'PRP$'), 15)","(('was', 'VBD'), 13)","(('is', 'VBZ'), 12)","(('am', 'VBP'), 12)","(('they', 'PRP'), 10)","(('me', 'PRP'), 10)","(('be', 'VB'), 8)","((""n't"", 'RB'), 8)","(('addict', 'NN'), 8)","(('stigma', 'NN'), 8)","(('who', 'WP'), 7)","(('life', 'NN'), 6)","(('people', 'NNS'), 6)","(('lot', 'NN'), 6)","(('had', 'VBD'), 5)","(('labels', 'NNS'), 5)","(('what', 'WP'), 5)","(('junkie', 'NN'), 5)"
LAPSE,"(('I', 'PRP'), 5)","(('me', 'PRP'), 3)","(('is', 'VBZ'), 2)","(('not', 'RB'), 2)","(('recovery', 'NN'), 2)","(('Relapse', 'NNP'), 2)","(('am', 'VBP'), 2)","(('they', 'PRP'), 2)","(('don¡¯t', 'VBP'), 2)","(('accept', 'VBP'), 2)","(('my', 'PRP$'), 2)","(('feels', 'NNS'), 1)","(('Today', 'NN'), 1)","(('happen', 'NN'), 1)","(('today', 'NN'), 1)","(('people', 'NNS'), 1)","(('what', 'WP'), 1)","(('give', 'VB'), 1)","(('insight', 'NN'), 1)","(('part', 'NN'), 1)"
LONELINESS,"(('I', 'PRP'), 7)","(('myself', 'PRP'), 4)","(('me', 'PRP'), 3)","(('didn¡¯t', 'VBP'), 2)","(('distance', 'VB'), 2)","(('was', 'VBD'), 2)","(('people', 'NNS'), 2)","(('drinking', 'VBG'), 1)","(('do', 'VB'), 1)","(('want', 'VBP'), 1)","(('well', 'RB'), 1)","(('what¡¯s', 'JJ'), 1)","(('healthy', 'JJ'), 1)","(('stay', 'VBP'), 1)","(('what', 'WP'), 1)","(('When', 'WRB'), 1)","(('anyone', 'NN'), 1)","(('isolated', 'VBD'), 1)","(('only', 'RB'), 1)","(('would', 'MD'), 1)"
LOVE ,"(('I', 'PRP'), 32)","(('my', 'PRP$'), 10)","(('was', 'VBD'), 9)","(('it', 'PRP'), 6)","(('love', 'NN'), 5)","(('me', 'PRP'), 5)","(('how', 'WRB'), 4)","(('never', 'RB'), 4)","(('something', 'NN'), 4)","(('only', 'RB'), 4)","(('life', 'NN'), 3)","(('would', 'MD'), 3)","(('is', 'VBZ'), 3)","(('lost', 'VBD'), 3)","(('children', 'NNS'), 3)","(('thing', 'NN'), 3)","(('drugs', 'NNS'), 3)","(('ever', 'RB'), 3)","(('get', 'VBP'), 2)","(('anything', 'NN'), 2)"
MINDSET,"(('I', 'PRP'), 24)","(('my', 'PRP$'), 5)","(('it', 'PRP'), 4)","(('was', 'VBD'), 3)","(('take', 'VBP'), 3)","(('did', 'VBD'), 3)","(('plans', 'NNS'), 3)","(('when', 'WRB'), 3)","(('me', 'PRP'), 3)","(('is', 'VBZ'), 3)","(('have', 'VBP'), 3)","(('make', 'VB'), 3)","(('get', 'VB'), 2)","(('can¡¯t', 'VBP'), 2)","(('other', 'JJ'), 2)","(('beliefs', 'NNS'), 2)","(('today', 'NN'), 2)","(('time', 'NN'), 2)","(('would', 'MD'), 2)","(('do', 'VBP'), 2)"
MINDSET / Clear headed,"(('I', 'PRP'), 156)","(('my', 'PRP$'), 64)","(('was', 'VBD'), 53)","(('it', 'PRP'), 34)","(('me', 'PRP'), 29)","(('had', 'VBD'), 23)","(('myself', 'PRP'), 19)","(('were', 'VBD'), 17)","(('be', 'VB'), 12)","(('they', 'PRP'), 12)","((""n't"", 'RB'), 11)","(('did', 'VBD'), 11)","((""'d"", 'MD'), 10)","(('addiction', 'NN'), 10)","(('coaster', 'NN'), 10)","(('just', 'RB'), 10)","(('life', 'NN'), 9)","(('out', 'RP'), 8)","(('could', 'MD'), 8)","(('brain', 'NN'), 8)"
MINDSET / Future sobriety,"(('I', 'PRP'), 149)","(('my', 'PRP$'), 67)","(('was', 'VBD'), 42)","(('it', 'PRP'), 37)","(('me', 'PRP'), 24)","(('is', 'VBZ'), 22)","(('life', 'NN'), 18)","(('have', 'VBP'), 16)","(('had', 'VBD'), 15)","(('you', 'PRP'), 15)","(('recovery', 'NN'), 14)","(('so', 'RB'), 13)","(('that', 'WDT'), 13)","(('did', 'VBD'), 12)","((""n't"", 'RB'), 11)","(('can', 'MD'), 10)","(('am', 'VBP'), 9)","(('friends', 'NNS'), 9)","(('time', 'NN'), 9)","(('will', 'MD'), 9)"
MINDSET / Perceptions,"(('I', 'PRP'), 57)","(('my', 'PRP$'), 24)","(('was', 'VBD'), 13)","(('is', 'VBZ'), 12)","(('myself', 'PRP'), 9)","(('it', 'PRP'), 8)","(('had', 'VBD'), 7)","(('me', 'PRP'), 7)","((""n't"", 'RB'), 6)","(('could', 'MD'), 6)","(('what', 'WP'), 6)","(('life', 'NN'), 5)","(('addiction', 'NN'), 5)","(('others', 'NNS'), 5)","(('honesty', 'NN'), 4)","(('how', 'WRB'), 4)","(('line', 'NN'), 4)","(('finish', 'JJ'), 4)","(('When', 'WRB'), 4)","(('would', 'MD'), 4)"
MINDSET / deal with frustration,"(('I', 'PRP'), 5)","(('is', 'VBZ'), 3)","(('am', 'VBP'), 3)","(('me', 'PRP'), 3)","(('when', 'WRB'), 2)","(('It', 'PRP'), 2)","(('my', 'PRP$'), 2)","(('Working', 'VBG'), 1)","(('seems', 'VBZ'), 1)","(('situation', 'NN'), 1)","(('stress', 'VB'), 1)","(('tool', 'NN'), 1)","(('excellent', 'JJ'), 1)","(('try', 'VBP'), 1)","(('feel', 'VBP'), 1)","(('sometimes', 'RB'), 1)","(('what', 'WP'), 1)","(('root', 'NN'), 1)","(('upset', 'VBN'), 1)","(('why', 'WRB'), 1)"
MINDSET / identify weaknesses,"(('I', 'PRP'), 73)","(('my', 'PRP$'), 39)","(('it', 'PRP'), 22)","(('me', 'PRP'), 20)","(('is', 'VBZ'), 17)","(('was', 'VBD'), 17)","(('when', 'WRB'), 10)","(('addiction', 'NN'), 9)","((""n't"", 'RB'), 9)","(('be', 'VB'), 8)","(('could', 'MD'), 8)","(('them', 'PRP'), 7)","(('am', 'VBP'), 7)","(('not', 'RB'), 6)","(('very', 'RB'), 6)","(('want', 'VB'), 6)","(('When', 'WRB'), 5)","(('can', 'MD'), 5)","(('always', 'RB'), 5)","(('myself', 'PRP'), 5)"
MINDSET / imperfection & acceptance,"(('I', 'PRP'), 67)","(('my', 'PRP$'), 22)","(('me', 'PRP'), 12)","(('myself', 'PRP'), 11)","(('was', 'VBD'), 10)","(('had', 'VBD'), 9)","(('be', 'VB'), 7)","(('news', 'NN'), 7)","((""n't"", 'RB'), 7)","(('can', 'MD'), 7)","(('is', 'VBZ'), 6)","(('not', 'RB'), 6)","(('were', 'VBD'), 6)","(('they', 'PRP'), 5)","(('inventory', 'NN'), 5)","(('got', 'VBD'), 5)","(('so', 'RB'), 5)","(('it', 'PRP'), 5)","(('am', 'VBP'), 4)","(('will', 'MD'), 4)"
MINDSET / no matter what,"(('I', 'PRP'), 98)","(('my', 'PRP$'), 33)","(('was', 'VBD'), 28)","(('me', 'PRP'), 20)","(('not', 'RB'), 11)","(('be', 'VB'), 10)","(('drugs', 'NNS'), 10)","(('My', 'PRP$'), 10)","(('it', 'PRP'), 10)","(('is', 'VBZ'), 9)","(('had', 'VBD'), 8)","(('am', 'VBP'), 8)","(('just', 'RB'), 8)","(('could', 'MD'), 7)","((""n't"", 'RB'), 7)","((""'d"", 'MD'), 7)","(('up', 'RP'), 6)","(('miracle', 'NN'), 6)","(('going', 'VBG'), 6)","(('never', 'RB'), 6)"
MINDSET / obstacles & challenge,"(('I', 'PRP'), 110)","(('my', 'PRP$'), 38)","(('is', 'VBZ'), 23)","(('have', 'VBP'), 19)","(('am', 'VBP'), 17)","(('it', 'PRP'), 16)","(('me', 'PRP'), 15)","(('are', 'VBP'), 14)","(('not', 'RB'), 14)","(('be', 'VB'), 10)","(('life', 'NN'), 10)","(('will', 'MD'), 10)","(('that', 'WDT'), 10)","(('was', 'VBD'), 9)","(('recovery', 'NN'), 8)","(('myself', 'PRP'), 8)","(('can', 'MD'), 8)","(('what', 'WP'), 7)","(('get', 'VB'), 6)","(('do', 'VB'), 6)"
MINDSET / tolerate discomfort,"(('I', 'PRP'), 102)","(('is', 'VBZ'), 38)","(('my', 'PRP$'), 36)","(('it', 'PRP'), 30)","(('me', 'PRP'), 24)","(('was', 'VBD'), 18)","(('not', 'RB'), 14)","(('am', 'VBP'), 12)","(('It', 'PRP'), 11)","(('have', 'VBP'), 9)","(('discomfort', 'NN'), 9)","(('are', 'VBP'), 8)","(('feel', 'VBP'), 8)","((""n't"", 'RB'), 8)","(('life', 'NN'), 8)","(('will', 'MD'), 8)","(('up', 'RP'), 7)","(('something', 'NN'), 7)","((""'s"", 'VBZ'), 7)","(('they', 'PRP'), 7)"
MINDSET / will power,"(('I', 'PRP'), 39)","(('my', 'PRP$'), 21)","(('is', 'VBZ'), 12)","(('it', 'PRP'), 9)","((""n't"", 'RB'), 7)","(('me', 'PRP'), 6)","(('they', 'PRP'), 5)","(('that', 'WDT'), 5)","(('am', 'VBP'), 5)","(('addiction', 'NN'), 5)","(('when', 'WRB'), 4)","(('things', 'NNS'), 4)","(('more', 'JJR'), 4)","(('them', 'PRP'), 4)","(('she', 'PRP'), 4)","(('saying', 'VBG'), 4)","(('will', 'MD'), 3)","(('could', 'MD'), 3)","(('not', 'RB'), 3)","(('only', 'RB'), 3)"
MONKEY,"(('I', 'PRP'), 8)","(('my', 'PRP$'), 4)","(('thoughts', 'NNS'), 2)","(('it', 'PRP'), 2)","(('don¡¯t', 'VBP'), 2)","(('get', 'VBP'), 1)","(('going', 'VBG'), 1)","(('much', 'JJ'), 1)","(('they¡¯re', 'NN'), 1)","(('acknowledge', 'VBP'), 1)","(('using', 'VBG'), 1)","(('mind', 'NN'), 1)","(('do', 'VB'), 1)","(('well', 'RB'), 1)","(('monkey', 'NN'), 1)","(('too', 'RB'), 1)","(('feel', 'VBP'), 1)","(('myself', 'PRP'), 1)","(('stay', 'NN'), 1)","(('might', 'MD'), 1)"
MOODS,"(('I', 'PRP'), 78)","(('my', 'PRP$'), 44)","(('am', 'VBP'), 22)","(('me', 'PRP'), 14)","(('mood', 'NN'), 11)","(('is', 'VBZ'), 11)","(('was', 'VBD'), 8)","(('can', 'MD'), 8)","(('be', 'VB'), 7)","(('When', 'WRB'), 7)","(('don¡¯t', 'VBP'), 7)","(('recovery', 'NN'), 6)","(('want', 'VBP'), 6)","(('feel', 'VB'), 6)","(('them', 'PRP'), 6)","(('not', 'RB'), 6)","(('it', 'PRP'), 6)","(('life', 'NN'), 5)","(('My', 'PRP$'), 5)","(('being', 'VBG'), 4)"
MOTIVATION,"(('I', 'PRP'), 49)","(('my', 'PRP$'), 31)","(('was', 'VBD'), 12)","(('me', 'PRP'), 11)","(('it', 'PRP'), 11)","(('is', 'VBZ'), 9)","(('motivation', 'NN'), 8)","(('My', 'PRP$'), 7)","(('be', 'VB'), 5)","(('always', 'RB'), 5)","(('out', 'RP'), 4)","(('had', 'VBD'), 4)","(('plan', 'NN'), 4)","(('drugs', 'NNS'), 4)","(('never', 'RB'), 4)","(('¨C', 'NNP'), 4)","(('have', 'VBP'), 4)","(('am', 'VBP'), 4)","(('did', 'VBD'), 4)","(('meter', 'NN'), 4)"
NEGATIVITY,"(('I', 'PRP'), 81)","(('my', 'PRP$'), 43)","(('me', 'PRP'), 29)","(('was', 'VBD'), 19)","(('is', 'VBZ'), 16)","(('negative', 'JJ'), 13)","(('it', 'PRP'), 11)","(('be', 'VB'), 9)","(('am', 'VBP'), 9)","(('would', 'MD'), 8)","(('not', 'RB'), 8)","(('more', 'RBR'), 8)","(('recovery', 'NN'), 7)","(('get', 'VB'), 7)","(('own', 'JJ'), 7)","(('feel', 'VB'), 7)","(('life', 'NN'), 7)","(('they', 'PRP'), 7)","(('myself', 'PRP'), 7)","(('had', 'VBD'), 6)"
OPTIMISM,"(('I', 'PRP'), 53)","(('my', 'PRP$'), 33)","(('is', 'VBZ'), 17)","(('me', 'PRP'), 15)","(('was', 'VBD'), 9)","(('that', 'WDT'), 9)","(('it', 'PRP'), 9)","(('am', 'VBP'), 8)","(('how', 'WRB'), 7)","(('things', 'NNS'), 7)","(('positive', 'JJ'), 7)","(('had', 'VBD'), 6)","(('It', 'PRP'), 6)","(('life', 'NN'), 6)","(('more', 'RBR'), 6)","(('thoughts', 'NNS'), 6)","(('can', 'MD'), 6)","(('be', 'VB'), 5)","(('recovery', 'NN'), 5)","(('have', 'VBP'), 5)"
OVERWHELM,"(('I', 'PRP'), 46)","(('my', 'PRP$'), 18)","(('be', 'VB'), 7)","(('have', 'VBP'), 7)","(('am', 'VBP'), 7)","(('can', 'MD'), 7)","(('When', 'WRB'), 6)","(('is', 'VBZ'), 6)","(('things', 'NNS'), 5)","(('them', 'PRP'), 5)","(('too', 'RB'), 5)","(('problems', 'NNS'), 5)","(('me', 'PRP'), 5)","(('myself', 'PRP'), 4)","(('when', 'WRB'), 4)","(('much', 'JJ'), 4)","(('not', 'RB'), 4)","(('was', 'VBD'), 4)","(('day', 'NN'), 4)","(('what', 'WP'), 3)"
PAST,"(('I', 'PRP'), 12)","(('my', 'PRP$'), 8)","(('was', 'VBD'), 6)","(('is', 'VBZ'), 6)","(('am', 'VBP'), 4)","(('years', 'NNS'), 4)","(('recovery', 'NN'), 4)","(('there', 'EX'), 4)","(('you', 'PRP'), 3)","(('what', 'WP'), 3)","(('them', 'PRP'), 3)","(('me', 'PRP'), 3)","(('hell', 'NN'), 3)","(('do', 'VBP'), 3)","(('My', 'PRP$'), 3)","(('have', 'VBP'), 3)","(('past', 'NN'), 2)","(('Alanon', 'NNP'), 2)","(('not', 'RB'), 2)","(('can', 'MD'), 2)"
PEACE,"(('my', 'PRP$'), 7)","(('I', 'PRP'), 5)","(('self', 'NN'), 3)","(('inner', 'JJ'), 3)","(('peace', 'NN'), 3)","(('locating', 'VBG'), 2)","(('am', 'VBP'), 2)","(('mind', 'NN'), 2)","(('can', 'MD'), 2)","(('me', 'PRP'), 2)","(('it', 'PRP'), 2)","(('meditation', 'NN'), 2)","(('quarrel', 'NN'), 2)","(('enslave', 'VB'), 1)","(('stop', 'VB'), 1)","(('that', 'WDT'), 1)","(('outer', 'NN'), 1)","(('mediator', 'NN'), 1)","(('harmony', 'NN'), 1)","(('best', 'JJS'), 1)"
POWERLESSNESS,"(('I', 'PRP'), 19)","(('my', 'PRP$'), 12)","(('me', 'PRP'), 9)","(('not', 'RB'), 7)","(('is', 'VBZ'), 7)","(('it', 'PRP'), 6)","(('foods', 'NNS'), 5)","(('be', 'VB'), 5)","(('can', 'MD'), 5)","(('food', 'NN'), 5)","(('get', 'VB'), 4)","(('out', 'RP'), 4)","(('go', 'VB'), 4)","(('control', 'VB'), 4)","(('disease', 'NN'), 4)","(('am', 'VBP'), 4)","(('have', 'VBP'), 4)","(('good', 'JJ'), 4)","(('are', 'VBP'), 4)","(('plan', 'NN'), 3)"
PRIDE ,"(('I', 'PRP'), 6)","(('it', 'PRP'), 4)","(('their', 'PRP$'), 3)","(('how', 'WRB'), 3)","(('me', 'PRP'), 3)","(('was', 'VBD'), 2)","(('such', 'JJ'), 2)","(('friend', 'NN'), 2)","(('have', 'VB'), 2)","(('friends', 'NNS'), 2)","(('person', 'NN'), 2)","(('get', 'VB'), 1)","(('beers', 'NNS'), 1)","(('caused', 'VBD'), 1)","(('had', 'VBD'), 1)","(('dive', 'VB'), 1)","(('not', 'RB'), 1)","(('much', 'JJ'), 1)","(('do', 'VB'), 1)","(('hole', 'NN'), 1)"
PROGRESS / future & hope,"(('I', 'PRP'), 101)","(('my', 'PRP$'), 34)","(('was', 'VBD'), 23)","(('is', 'VBZ'), 11)","(('would', 'MD'), 9)","(('me', 'PRP'), 9)","(('had', 'VBD'), 8)","(('be', 'VB'), 8)","((""'d"", 'MD'), 8)","(('how', 'WRB'), 7)","(('get', 'VB'), 7)","(('not', 'RB'), 7)","(('it', 'PRP'), 7)","(('doing', 'VBG'), 6)","(('when', 'WRB'), 6)","(('focus', 'VB'), 6)","(('time', 'NN'), 6)","(('addiction', 'NN'), 6)","(('myself', 'PRP'), 6)","(('that', 'WDT'), 6)"
PROGRESS / reactions & behavior,"(('I', 'PRP'), 67)","(('my', 'PRP$'), 26)","(('is', 'VBZ'), 18)","(('it', 'PRP'), 14)","(('have', 'VBP'), 13)","(('that', 'WDT'), 10)","(('me', 'PRP'), 10)","(('will', 'MD'), 9)","(('am', 'VBP'), 9)","(('when', 'WRB'), 8)","(('can', 'MD'), 8)","(('don¡¯t', 'VBP'), 7)","(('not', 'RB'), 7)","(('foods', 'NNS'), 7)","(('food', 'NN'), 7)","(('something', 'NN'), 6)","(('was', 'VBD'), 6)","(('be', 'VB'), 5)","(('My', 'PRP$'), 5)","(('disease', 'NN'), 5)"
PROGRESS / rewards & proud,"(('I', 'PRP'), 81)","(('my', 'PRP$'), 36)","(('is', 'VBZ'), 21)","(('will', 'MD'), 18)","(('me', 'PRP'), 17)","(('are', 'VBP'), 13)","(('God', 'NNP'), 11)","(('not', 'RB'), 11)","(('recovery', 'NN'), 11)","(('have', 'VBP'), 11)","(('was', 'VBD'), 11)","(('when', 'WRB'), 10)","(('way', 'NN'), 9)","(('am', 'VBP'), 9)","(('one', 'CD'), 9)","(('day', 'NN'), 8)","(('be', 'VB'), 7)","(('you', 'PRP'), 7)","(('can', 'MD'), 7)","(('we', 'PRP'), 7)"
PROGRESS / start small,"(('I', 'PRP'), 81)","(('my', 'PRP$'), 31)","(('me', 'PRP'), 16)","(('is', 'VBZ'), 15)","(('was', 'VBD'), 12)","(('it', 'PRP'), 11)","(('what', 'WP'), 10)","(('have', 'VBP'), 10)","(('recovery', 'NN'), 7)","(('steps', 'NNS'), 6)","(('life', 'NN'), 6)","(('even', 'RB'), 6)","(('did', 'VBD'), 6)","(('can', 'MD'), 6)","(('today', 'NN'), 5)","(('be', 'VB'), 5)","(('healthy', 'JJ'), 5)","(('new', 'JJ'), 5)","(('It', 'PRP'), 5)","(('time', 'NN'), 5)"
PROGRESS / support ,"(('I', 'PRP'), 27)","(('my', 'PRP$'), 15)","(('me', 'PRP'), 10)","(('was', 'VBD'), 9)","(('myself', 'PRP'), 5)","(('is', 'VBZ'), 5)","(('change', 'NN'), 4)","(('life', 'NN'), 4)","(('recovery', 'NN'), 4)","(('not', 'RB'), 3)","(('am', 'VBP'), 3)","(('meeting', 'NN'), 3)","(('have', 'VBP'), 3)","(('online', 'NN'), 2)","(('program', 'NN'), 2)","(('when', 'WRB'), 2)","(('cheering', 'VBG'), 2)","(('being', 'VBG'), 2)","(('rules', 'NNS'), 2)","(('still', 'RB'), 2)"
REACTIONS,"(('I', 'PRP'), 31)","(('my', 'PRP$'), 12)","(('is', 'VBZ'), 9)","(('it', 'PRP'), 7)","(('not', 'RB'), 6)","(('be', 'VB'), 5)","(('news', 'NN'), 5)","(('am', 'VBP'), 5)","(('me', 'PRP'), 5)","(('how', 'WRB'), 5)","(('myself', 'PRP'), 4)","(('when', 'WRB'), 4)","(('bad', 'JJ'), 4)","(('feelings', 'NNS'), 4)","(('life', 'NN'), 3)","(('do', 'VBP'), 3)","(('conflict', 'NN'), 3)","(('others', 'NNS'), 3)","(('It', 'PRP'), 3)","(('situations', 'NNS'), 3)"
RECONCILIATON,"(('I', 'PRP'), 102)","(('my', 'PRP$'), 37)","(('me', 'PRP'), 17)","((""'d"", 'MD'), 14)","(('friends', 'NNS'), 11)","(('was', 'VBD'), 11)","(('bridges', 'NNS'), 11)","(('had', 'VBD'), 10)","(('amends', 'NNS'), 10)","(('did', 'VBD'), 10)","(('have', 'VBP'), 8)","(('it', 'PRP'), 8)","(('going', 'VBG'), 7)","((""n't"", 'RB'), 7)","(('am', 'VBP'), 7)","(('make', 'VB'), 7)","(('be', 'VB'), 6)","(('making', 'VBG'), 6)","(('what', 'WP'), 6)","(('them', 'PRP'), 6)"
REGRET,"(('my', 'PRP$'), 3)","(('cost', 'NN'), 2)","(('me', 'PRP'), 2)","(('is', 'VBZ'), 1)","(('sobriety', 'NN'), 1)","(('I', 'PRP'), 1)","(('never-ending', 'JJ'), 1)","(('realize', 'VBP'), 1)","(('potential', 'JJ'), 1)","(('so', 'RB'), 1)","(('physical', 'JJ'), 1)","(('trust', 'NN'), 1)","(('bank', 'NN'), 1)","(('account', 'NN'), 1)","(('threatened', 'VBD'), 1)","(('money', 'NN'), 1)","(('habits/using', 'NN'), 1)","(('bad', 'JJ'), 1)","(('more', 'JJR'), 1)","(('benefit', 'NN'), 1)"
RELAPSE,"(('I', 'PRP'), 19)","(('my', 'PRP$'), 11)","(('have', 'VBP'), 6)","(('it', 'PRP'), 5)","(('relapse', 'NN'), 5)","(('recovery', 'NN'), 5)","(('me', 'PRP'), 4)","(('is', 'VBZ'), 4)","(('they', 'PRP'), 3)","(('am', 'VBP'), 3)","(('however', 'RB'), 3)","(('are', 'VBP'), 3)","(('not', 'RB'), 2)","(('was', 'VBD'), 2)","(('other', 'JJ'), 2)","(('lessons', 'NNS'), 2)","(('learn', 'VBP'), 2)","(('too', 'RB'), 2)","(('use', 'VB'), 2)","(('keep', 'VB'), 2)"
RESILIENCE / discomfort,"(('I', 'PRP'), 45)","(('my', 'PRP$'), 13)","(('it', 'PRP'), 12)","(('will', 'MD'), 10)","(('was', 'VBD'), 10)","(('is', 'VBZ'), 10)","(('me', 'PRP'), 7)","(('discomfort', 'NN'), 6)","(('how', 'WRB'), 5)","(('are', 'VBP'), 5)","(('am', 'VBP'), 5)","(('be', 'VB'), 4)","(('they', 'PRP'), 4)","(('going', 'VBG'), 4)","(('have', 'VBP'), 4)","(('not', 'RB'), 4)","(('you', 'PRP'), 4)","(('did', 'VBD'), 4)","((""n't"", 'RB'), 4)","(('when', 'WRB'), 3)"
RESILIENCE / reaction & behavior,"(('I', 'PRP'), 63)","(('my', 'PRP$'), 19)","(('is', 'VBZ'), 17)","(('me', 'PRP'), 14)","(('have', 'VBP'), 12)","(('not', 'RB'), 12)","(('was', 'VBD'), 11)","(('can', 'MD'), 11)","(('be', 'VB'), 9)","(('life', 'NN'), 9)","(('that', 'WDT'), 9)","(('it', 'PRP'), 9)","(('them', 'PRP'), 8)","(('had', 'VBD'), 7)","(('are', 'VBP'), 7)","(('when', 'WRB'), 6)","(('way', 'NN'), 6)","(('how', 'WRB'), 5)","(('something', 'NN'), 5)","(('triggers', 'NNS'), 5)"
RESILIENCE / will power,"(('I', 'PRP'), 8)","(('am', 'VBP'), 3)","(('have', 'VBP'), 3)","(('use', 'VB'), 2)","(('craving', 'VBG'), 2)","(('My', 'PRP$'), 2)","(('my', 'PRP$'), 2)","(('can', 'MD'), 2)","(('matter', 'NN'), 1)","(('do', 'VBP'), 1)","(('much', 'JJ'), 1)","(('Today', 'NN'), 1)","(('clean', 'JJ'), 1)","(('stress', 'NN'), 1)","(('not', 'RB'), 1)","(('vulnerable', 'JJ'), 1)","(('trigger', 'VB'), 1)","(('how', 'WRB'), 1)","(('urge', 'NN'), 1)","(('drugs', 'NNS'), 1)"
RESPONSIBILITY,"(('I', 'PRP'), 79)","(('my', 'PRP$'), 39)","(('is', 'VBZ'), 18)","(('it', 'PRP'), 14)","(('am', 'VBP'), 12)","(('do', 'VB'), 8)","(('life', 'NN'), 8)","(('responsibility', 'NN'), 8)","(('was', 'VBD'), 7)","(('mistakes', 'NNS'), 7)","(('don¡¯t', 'VBP'), 6)","(('want', 'VBP'), 6)","(('not', 'RB'), 6)","(('had', 'VBD'), 5)","(('be', 'VB'), 5)","(('have', 'VBP'), 5)","(('blame', 'VB'), 5)","(('me', 'PRP'), 5)","(('can', 'MD'), 5)","(('being', 'VBG'), 4)"
SABOTAGE,"(('find', 'VB'), 2)","(('reason', 'NN'), 2)","(('sweetness', 'NN'), 2)","(('darkest', 'JJS'), 1)","(('that', 'WDT'), 1)","(('grab', 'NN'), 1)","(('wallet', 'NN'), 1)","(('basic', 'JJ'), 1)","(('their', 'PRP$'), 1)","(('bag', 'NN'), 1)","(('out', 'RP'), 1)","(('can', 'MD'), 1)","(('bitter', 'JJ'), 1)","(('even', 'RB'), 1)","(('break', 'VB'), 1)","((""'s"", 'VBZ'), 1)","(('hint', 'NN'), 1)","(('situations', 'NNS'), 1)","(('little', 'JJ'), 1)","(('experiences', 'NNS'), 1)"
SELF ESTEEM / behavior,"(('I', 'PRP'), 11)","(('am', 'VBP'), 6)","(('positive', 'JJ'), 4)","(('behaviors', 'NNS'), 3)","(('are', 'VBP'), 3)","(('behavior', 'NN'), 2)","(('new', 'JJ'), 2)","(('is', 'VBZ'), 2)","(('My', 'PRP$'), 2)","(('It', 'PRP'), 2)","(('capable', 'JJ'), 2)","(('that', 'WDT'), 2)","(('sober', 'JJ'), 1)","(('eliminated', 'VBN'), 1)","(('directly', 'RB'), 1)","(('temptation', 'NN'), 1)","(('self', 'JJ'), 1)","(('not', 'RB'), 1)","(('using', 'VBG'), 1)","(('path', 'NN'), 1)"
SELF ESTEEM / beliefs,"(('I', 'PRP'), 23)","(('my', 'PRP$'), 12)","(('is', 'VBZ'), 11)","(('can', 'MD'), 10)","(('you', 'PRP'), 9)","(('it', 'PRP'), 7)","(('am', 'VBP'), 6)","(('beliefs', 'NNS'), 5)","(('one', 'CD'), 5)","(('be', 'VB'), 4)","(('attitude', 'NN'), 4)","(('what', 'WP'), 4)","(('yourself', 'PRP'), 4)","(('are', 'VBP'), 4)","(('me', 'PRP'), 4)","(('life', 'NN'), 4)","(('group', 'NN'), 3)","(('how', 'WRB'), 3)","(('change', 'VB'), 3)","(('do', 'VBP'), 3)"
SELF ESTEEM / courage,"(('my', 'PRP$'), 6)","(('I', 'PRP'), 3)","(('vulnerable', 'JJ'), 3)","(('is', 'VBZ'), 3)","(('me', 'PRP'), 3)","(('not', 'RB'), 2)","(('beautiful', 'JJ'), 1)","(('comfort', 'NN'), 1)","(('strengths', 'NNS'), 1)","(('build', 'VB'), 1)","(('inner', 'NN'), 1)","(('dig', 'VB'), 1)","(('etc', 'FW'), 1)","(('complete', 'VB'), 1)","(('connection', 'NN'), 1)","(('Feeling', 'VBG'), 1)","(('flaws', 'NNS'), 1)","(('make', 'VB'), 1)","(('longer', 'RB'), 1)","(('am', 'VBP'), 1)"
SELF ESTEEM / deserve & rewards,"(('I', 'PRP'), 17)","(('my', 'PRP$'), 15)","(('was', 'VBD'), 5)","(('am', 'VBP'), 5)","(('me', 'PRP'), 5)","(('reward', 'NN'), 4)","(('myself', 'PRP'), 4)","(('charge', 'NN'), 4)","(('able', 'JJ'), 3)","(('ride', 'NN'), 3)","(('is', 'VBZ'), 3)","(('actions', 'NNS'), 2)","(('progress', 'NN'), 2)","(('drug', 'NN'), 2)","(('deserve', 'VBP'), 2)","(('sobriety', 'NN'), 2)","(('Today', 'NN'), 2)","(('disease', 'NN'), 2)","(('one', 'CD'), 2)","(('recovery', 'NN'), 2)"
SERENITY,"(('I', 'PRP'), 46)","(('my', 'PRP$'), 27)","(('things', 'NNS'), 9)","(('have', 'VBP'), 9)","(('recovery', 'NN'), 8)","(('was', 'VBD'), 7)","(('me', 'PRP'), 7)","(('is', 'VBZ'), 7)","(('life', 'NN'), 6)","(('peace', 'NN'), 6)","(('never', 'RB'), 6)","(('inner', 'JJ'), 6)","(('today', 'NN'), 5)","(('When', 'WRB'), 5)","(('am', 'VBP'), 5)","(('habits', 'NNS'), 5)","(('not', 'RB'), 4)","(('myself', 'PRP'), 4)","(('would', 'MD'), 4)","(('way', 'NN'), 4)"
SHAME,"(('I', 'PRP'), 34)","(('was', 'VBD'), 12)","(('my', 'PRP$'), 9)","(('is', 'VBZ'), 8)","(('it', 'PRP'), 8)","(('me', 'PRP'), 7)","((""n't"", 'RB'), 7)","(('things', 'NNS'), 5)","(('shame', 'NN'), 5)","(('do', 'VBP'), 4)","(('that', 'WDT'), 4)","(('not', 'RB'), 4)","(('have', 'VB'), 4)","((""'m"", 'VBP'), 3)","(('pot', 'NN'), 3)","(('up', 'RP'), 3)","(('have', 'VBP'), 3)","(('them', 'PRP'), 3)","(('you', 'PRP'), 3)","(('am', 'VBP'), 3)"
SITUATIONS,"(('I', 'PRP'), 6)","(('can', 'MD'), 4)","(('it', 'PRP'), 3)","(('tolerate', 'VB'), 3)","(('situations', 'NNS'), 3)","(('terms', 'NNS'), 2)","(('control', 'VB'), 2)","(('my', 'PRP$'), 2)","(('not', 'RB'), 2)","(('is', 'VBZ'), 2)","(('tolerating', 'VBG'), 2)","(('what', 'WP'), 2)","(('goes', 'VBZ'), 2)","(('me', 'PRP'), 2)","(('learning', 'VBG'), 2)","(('are', 'VBP'), 2)","(('situation', 'NN'), 1)","(('saying', 'NN'), 1)","(('wrong', 'JJ'), 1)","(('accept', 'VB'), 1)"
SOBRIETY,"(('I', 'PRP'), 7)","(('me', 'PRP'), 4)","(('my', 'PRP$'), 4)","(('small', 'JJ'), 4)","(('towards', 'NNS'), 3)","(('way', 'NN'), 3)","(('steps', 'NNS'), 3)","(('drugs', 'NNS'), 2)","(('drug', 'NN'), 2)","(('did', 'VBD'), 2)","(('addiction', 'NN'), 2)","(('take', 'VB'), 2)","(('craving', 'VBG'), 2)","((""n't"", 'RB'), 2)","(('recovery', 'NN'), 2)","(('can', 'MD'), 2)","(('am', 'VBP'), 2)","(('step', 'NN'), 2)","(('society', 'NN'), 1)","(('had', 'VBD'), 1)"
SOBRIETY / behavior & action,"(('I', 'PRP'), 129)","(('my', 'PRP$'), 55)","(('me', 'PRP'), 37)","(('is', 'VBZ'), 25)","(('was', 'VBD'), 21)","(('will', 'MD'), 19)","(('are', 'VBP'), 18)","(('am', 'VBP'), 15)","(('not', 'RB'), 15)","(('have', 'VBP'), 13)","(('can', 'MD'), 12)","(('be', 'VB'), 11)","(('way', 'NN'), 11)","(('God', 'NNP'), 11)","(('recovery', 'NN'), 11)","(('life', 'NN'), 10)","(('when', 'WRB'), 10)","(('them', 'PRP'), 10)","(('new', 'JJ'), 8)","(('things', 'NNS'), 8)"
SOBRIETY / celebrate & progress,"(('I', 'PRP'), 151)","(('my', 'PRP$'), 60)","(('was', 'VBD'), 41)","(('me', 'PRP'), 21)","(('it', 'PRP'), 20)","(('myself', 'PRP'), 20)","(('is', 'VBZ'), 19)","(('life', 'NN'), 14)","(('be', 'VB'), 12)","(('addiction', 'NN'), 12)","(('when', 'WRB'), 12)","(('that', 'WDT'), 12)","(('drugs', 'NNS'), 12)","((""'d"", 'MD'), 11)","(('It', 'PRP'), 10)","(('had', 'VBD'), 9)","(('are', 'VBP'), 9)","(('you', 'PRP'), 8)","(('people', 'NNS'), 8)","(('journey', 'NN'), 8)"
SOBRIETY / costs & benefits,"(('I', 'PRP'), 159)","(('my', 'PRP$'), 59)","(('was', 'VBD'), 40)","((""'d"", 'MD'), 26)","(('me', 'PRP'), 26)","(('life', 'NN'), 16)","(('it', 'PRP'), 16)","(('could', 'MD'), 16)","(('drugs', 'NNS'), 15)","(('had', 'VBD'), 11)","(('focus', 'VB'), 11)","((""n't"", 'RB'), 11)","(('were', 'VBD'), 11)","(('is', 'VBZ'), 11)","((""'s"", 'POS'), 10)","(('addiction', 'NN'), 10)","(('own', 'JJ'), 10)","(('motives', 'NNS'), 9)","(('would', 'MD'), 9)","(('got', 'VBD'), 9)"
SOBRIETY / maintaining & will power,"(('I', 'PRP'), 54)","(('my', 'PRP$'), 29)","(('me', 'PRP'), 13)","(('was', 'VBD'), 11)","(('be', 'VB'), 7)","(('myself', 'PRP'), 6)","(('them', 'PRP'), 6)","(('not', 'RB'), 6)","(('would', 'MD'), 5)","(('time', 'NN'), 5)","((""n't"", 'RB'), 5)","((""'d"", 'MD'), 5)","((""'m"", 'VBP'), 4)","(('life', 'NN'), 4)","(('are', 'VBP'), 4)","(('could', 'MD'), 4)","(('they', 'PRP'), 4)","(('way', 'NN'), 4)","(('have', 'VBP'), 4)","(('foods', 'NNS'), 4)"
STRESS,"(('I', 'PRP'), 45)","(('my', 'PRP$'), 22)","(('am', 'VBP'), 14)","(('is', 'VBZ'), 12)","(('have', 'VBP'), 10)","(('can', 'MD'), 10)","(('stress', 'NN'), 9)","(('be', 'VB'), 6)","(('when', 'WRB'), 6)","(('things', 'NNS'), 5)","(('time', 'NN'), 5)","(('them', 'PRP'), 5)","(('me', 'PRP'), 5)","(('it', 'PRP'), 5)","(('too', 'RB'), 4)","(('was', 'VBD'), 4)","(('work', 'NN'), 4)","(('day', 'NN'), 4)","(('triggers', 'NNS'), 4)","(('problem', 'NN'), 3)"
THOUGHTS,"(('I', 'PRP'), 69)","(('my', 'PRP$'), 46)","(('is', 'VBZ'), 18)","(('thoughts', 'NNS'), 18)","(('me', 'PRP'), 17)","(('am', 'VBP'), 16)","(('have', 'VBP'), 15)","(('that', 'WDT'), 10)","(('it', 'PRP'), 10)","(('are', 'VBP'), 9)","(('myself', 'PRP'), 9)","(('food', 'NN'), 8)","(('can', 'MD'), 8)","(('be', 'VB'), 7)","(('recovery', 'NN'), 7)","(('them', 'PRP'), 7)","(('thought', 'NN'), 6)","(('new', 'JJ'), 6)","(('negative', 'JJ'), 6)","(('life', 'NN'), 6)"
TRIGGERS / awareness,"(('I', 'PRP'), 69)","(('my', 'PRP$'), 36)","(('is', 'VBZ'), 23)","(('me', 'PRP'), 19)","(('it', 'PRP'), 17)","(('am', 'VBP'), 11)","(('can', 'MD'), 10)","(('have', 'VBP'), 9)","(('what', 'WP'), 8)","(('when', 'WRB'), 8)","(('addiction', 'NN'), 8)","(('It', 'PRP'), 8)","(('them', 'PRP'), 8)","(('don¡¯t', 'VBP'), 7)","((""n't"", 'RB'), 7)","(('food', 'NN'), 7)","(('that', 'WDT'), 7)","(('thoughts', 'NNS'), 7)","(('be', 'VB'), 6)","(('triggers', 'NNS'), 6)"
TRIGGERS / confidence & strength,"(('I', 'PRP'), 67)","(('my', 'PRP$'), 23)","(('it', 'PRP'), 21)","(('is', 'VBZ'), 18)","(('me', 'PRP'), 13)","(('was', 'VBD'), 12)","(('had', 'VBD'), 11)","(('addiction', 'NN'), 10)","(('not', 'RB'), 10)","(('them', 'PRP'), 9)","(('can', 'MD'), 9)","(('triggers', 'NNS'), 8)","(('be', 'VB'), 7)","(('go', 'VB'), 7)","(('trigger', 'NN'), 7)","(('they', 'PRP'), 7)","(('things', 'NNS'), 7)","((""'s"", 'VBZ'), 6)","(('am', 'VBP'), 6)","(('have', 'VBP'), 5)"
TRIGGERS / tools & techniques,"(('I', 'PRP'), 119)","(('my', 'PRP$'), 41)","(('me', 'PRP'), 36)","(('triggers', 'NNS'), 24)","(('is', 'VBZ'), 23)","(('can', 'MD'), 18)","(('it', 'PRP'), 17)","(('was', 'VBD'), 14)","(('that', 'WDT'), 13)","(('am', 'VBP'), 13)","(('have', 'VBP'), 11)","(('are', 'VBP'), 11)","(('get', 'VB'), 9)","(('life', 'NN'), 9)","(('they', 'PRP'), 9)","(('myself', 'PRP'), 9)","(('them', 'PRP'), 9)","(('be', 'VB'), 8)","(('not', 'RB'), 8)","(('had', 'VBD'), 7)"
TRUST,"(('I', 'PRP'), 19)","(('am', 'VBP'), 9)","(('my', 'PRP$'), 9)","(('me', 'PRP'), 6)","(('not', 'RB'), 5)","(('things', 'NNS'), 4)","(('mood', 'NN'), 4)","(('life', 'NN'), 3)","(('myself', 'PRP'), 3)","(('right', 'JJ'), 3)","(('is', 'VBZ'), 3)","(('has', 'VBZ'), 3)","(('potential', 'JJ'), 2)","(('able', 'JJ'), 2)","(('go', 'VB'), 2)","(('negative', 'JJ'), 2)","(('know', 'VBP'), 2)","(('time', 'NN'), 2)","(('way', 'NN'), 2)","(('love', 'VBP'), 2)"
TRUTH / Admit addiction,"(('I', 'PRP'), 133)","(('my', 'PRP$'), 44)","(('was', 'VBD'), 29)","(('me', 'PRP'), 21)","(('had', 'VBD'), 15)","(('myself', 'PRP'), 15)","((""n't"", 'RB'), 12)","(('it', 'PRP'), 12)","((""'d"", 'MD'), 11)","(('excuses', 'NNS'), 11)","(('recovery', 'NN'), 10)","(('life', 'NN'), 10)","(('problem', 'NN'), 9)","(('not', 'RB'), 9)","(('drugs', 'NNS'), 9)","(('addict', 'NN'), 8)","(('news', 'NN'), 7)","(('they', 'PRP'), 7)","(('is', 'VBZ'), 7)","(('am', 'VBP'), 7)"
TRUTH / Costs,"(('I', 'PRP'), 54)","(('was', 'VBD'), 24)","(('my', 'PRP$'), 20)","(('it', 'PRP'), 11)","(('me', 'PRP'), 10)","(('is', 'VBZ'), 7)","((""n't"", 'RB'), 7)","(('miracle', 'NN'), 6)","(('feelings', 'NNS'), 5)","(('them', 'PRP'), 5)","(('addiction', 'NN'), 5)","(('just', 'RB'), 5)","(('able', 'JJ'), 5)","(('had', 'VBD'), 4)","(('life', 'NN'), 4)","(('really', 'RB'), 4)","(('what', 'WP'), 4)","(('got', 'VBD'), 4)","(('are', 'VBP'), 4)","(('be', 'VB'), 4)"
TRUTH / Inventory,"(('I', 'PRP'), 52)","(('my', 'PRP$'), 21)","(('had', 'VBD'), 12)","(('it', 'PRP'), 10)","(('was', 'VBD'), 8)","(('is', 'VBZ'), 8)","(('inventory', 'NN'), 7)","(('drugs', 'NNS'), 6)","(('me', 'PRP'), 6)","(('addiction', 'NN'), 5)","(('myself', 'PRP'), 4)","(('we', 'PRP'), 4)","(('nothing', 'NN'), 4)","(('What', 'WP'), 4)","(('them', 'PRP'), 4)","(('accept', 'VB'), 4)","(('did', 'VBD'), 4)","((""n't"", 'RB'), 4)","(('life', 'NN'), 3)","(('be', 'VB'), 3)"
TRUTH / dark past,"(('I', 'PRP'), 146)","(('my', 'PRP$'), 61)","(('was', 'VBD'), 33)","(('had', 'VBD'), 25)","(('it', 'PRP'), 24)","(('me', 'PRP'), 24)","(('life', 'NN'), 17)","((""n't"", 'RB'), 16)","((""'d"", 'MD'), 15)","(('is', 'VBZ'), 15)","(('that', 'WDT'), 14)","(('could', 'MD'), 12)","(('addiction', 'NN'), 11)","(('have', 'VB'), 10)","(('been', 'VBN'), 10)","(('friends', 'NNS'), 10)","(('be', 'VB'), 9)","(('out', 'RP'), 9)","(('got', 'VBD'), 9)","(('myself', 'PRP'), 9)"
TRUTH / self honesty,"(('I', 'PRP'), 149)","(('my', 'PRP$'), 53)","(('me', 'PRP'), 31)","(('is', 'VBZ'), 27)","(('was', 'VBD'), 26)","(('myself', 'PRP'), 24)","(('it', 'PRP'), 21)","(('be', 'VB'), 15)","(('could', 'MD'), 15)","(('life', 'NN'), 14)","(('had', 'VBD'), 13)","(('would', 'MD'), 13)","((""n't"", 'RB'), 12)","(('am', 'VBP'), 12)","(('It', 'PRP'), 10)","(('person', 'NN'), 10)","(('they', 'PRP'), 10)","(('not', 'RB'), 10)","(('just', 'RB'), 10)","(('have', 'VBP'), 9)"
URGES / moods & emotions,"(('I', 'PRP'), 76)","(('my', 'PRP$'), 24)","(('is', 'VBZ'), 17)","(('me', 'PRP'), 16)","(('it', 'PRP'), 12)","(('was', 'VBD'), 10)","(('can', 'MD'), 10)","(('have', 'VBP'), 9)","((""n't"", 'RB'), 7)","(('do', 'VBP'), 7)","(('pot', 'NN'), 7)","(('am', 'VBP'), 7)","(('very', 'RB'), 7)","(('are', 'VBP'), 5)","(('really', 'RB'), 5)","(('what', 'WP'), 4)","((""'s"", 'VBZ'), 4)","(('don¡¯t', 'VBP'), 4)","(('plan', 'NN'), 4)","(('feel', 'VB'), 4)"
URGES / support & help,"(('I', 'PRP'), 15)","(('is', 'VBZ'), 8)","(('afraid', 'JJ'), 5)","(('my', 'PRP$'), 5)","(('am', 'VBP'), 4)","(('name', 'VB'), 3)","(('It', 'PRP'), 3)","(('person', 'NN'), 3)","(('have', 'VBP'), 3)","(('urge', 'NN'), 2)","((""'m"", 'VBP'), 2)","(('be', 'VB'), 2)","(('really', 'RB'), 2)","(('tough', 'JJ'), 2)","(('me', 'PRP'), 2)","(('say', 'VB'), 2)","(('fear', 'NN'), 2)","(('They', 'PRP'), 2)","(('want', 'VBP'), 2)","(('help', 'NN'), 2)"
URGES / tools & techniques,"(('I', 'PRP'), 99)","(('is', 'VBZ'), 41)","(('my', 'PRP$'), 39)","(('it', 'PRP'), 33)","(('have', 'VBP'), 25)","(('me', 'PRP'), 25)","(('are', 'VBP'), 20)","(('It', 'PRP'), 14)","(('them', 'PRP'), 13)","(('that', 'WDT'), 13)","(('was', 'VBD'), 13)","(('urges', 'NNS'), 12)","(('am', 'VBP'), 12)","(('be', 'VB'), 11)","(('can', 'MD'), 11)","(('something', 'NN'), 10)","(('not', 'RB'), 10)","(('urge', 'NN'), 9)","(('up', 'RP'), 8)","(('you', 'PRP'), 7)"
VALUES,"(('my', 'PRP$'), 6)","(('I', 'PRP'), 5)","(('was', 'VBD'), 4)","(('foundation', 'NN'), 4)","(('new', 'JJ'), 3)","(('life', 'NN'), 3)","(('ideas', 'NNS'), 2)","(('one', 'CD'), 2)","(('be', 'VB'), 2)","(('drugs', 'NNS'), 2)","(('could', 'MD'), 2)","(('came', 'VBD'), 2)","(('way', 'NN'), 1)","(('do', 'VB'), 1)","(('career', 'NN'), 1)","(('fragments', 'NNS'), 1)","(('famous', 'JJ'), 1)","(('build', 'VB'), 1)","(('going', 'VBG'), 1)","(('rehab', 'VB'), 1)"
VULNERABILITY / Connection,"(('I', 'PRP'), 101)","(('my', 'PRP$'), 41)","(('was', 'VBD'), 21)","(('me', 'PRP'), 19)","(('friends', 'NNS'), 13)","(('bridges', 'NNS'), 11)","(('had', 'VBD'), 9)","(('what', 'WP'), 9)","(('life', 'NN'), 9)","(('them', 'PRP'), 9)","(('it', 'PRP'), 9)","(('have', 'VBP'), 8)","((""'d"", 'MD'), 8)","(('not', 'RB'), 8)","((""n't"", 'RB'), 7)","(('is', 'VBZ'), 7)","(('that', 'WDT'), 7)","(('people', 'NNS'), 7)","(('were', 'VBD'), 7)","(('could', 'MD'), 6)"
VULNERABILITY / Show true self,"(('I', 'PRP'), 100)","(('my', 'PRP$'), 43)","(('was', 'VBD'), 36)","(('is', 'VBZ'), 22)","(('it', 'PRP'), 22)","(('me', 'PRP'), 21)","((""n't"", 'RB'), 14)","(('them', 'PRP'), 13)","(('things', 'NNS'), 10)","(('be', 'VB'), 9)","(('what', 'WP'), 8)","(('addict', 'NN'), 8)","((""'d"", 'MD'), 8)","(('years', 'NNS'), 8)","(('My', 'PRP$'), 8)","(('have', 'VBP'), 8)","(('had', 'VBD'), 7)","(('friends', 'NNS'), 7)","(('there', 'EX'), 7)","(('they', 'PRP'), 7)"
VULNERABILITY / learning and mistakes,"(('I', 'PRP'), 113)","(('my', 'PRP$'), 47)","(('is', 'VBZ'), 26)","(('me', 'PRP'), 19)","(('had', 'VBD'), 17)","(('it', 'PRP'), 17)","(('was', 'VBD'), 16)","(('am', 'VBP'), 15)","(('not', 'RB'), 14)","(('have', 'VBP'), 11)","(('them', 'PRP'), 10)","(('myself', 'PRP'), 9)","(('mistakes', 'NNS'), 8)","(('something', 'NN'), 8)","(('recovery', 'NN'), 7)","(('can', 'MD'), 7)","(('amends', 'NNS'), 6)","(('someone', 'NN'), 6)","(('accept', 'VB'), 6)","(('It', 'PRP'), 6)"
VULNERABILITY / others who¡¯ve been there,"(('I', 'PRP'), 22)","(('my', 'PRP$'), 17)","(('am', 'VBP'), 9)","(('me', 'PRP'), 6)","(('when', 'WRB'), 4)","(('sponsor', 'NN'), 4)","(('can', 'MD'), 4)","(('program', 'NN'), 3)","(('share', 'NN'), 3)","(('not', 'RB'), 3)","(('My', 'PRP$'), 3)","(('recovery', 'NN'), 3)","(('have', 'VBP'), 3)","(('thought', 'NN'), 3)","(('thoughts', 'NNS'), 3)","(('relapse', 'NN'), 3)","(('is', 'VBZ'), 3)","(('same', 'JJ'), 2)","(('better', 'RBR'), 2)","(('working', 'VBG'), 2)"
VULNERABILITY / to support my sobriety,"(('I', 'PRP'), 111)","(('my', 'PRP$'), 39)","(('me', 'PRP'), 30)","(('was', 'VBD'), 29)","(('it', 'PRP'), 24)","(('is', 'VBZ'), 19)","((""n't"", 'RB'), 15)","(('could', 'MD'), 14)","(('can', 'MD'), 14)","(('It', 'PRP'), 13)","(('had', 'VBD'), 12)","(('be', 'VB'), 12)","(('get', 'VB'), 11)","(('when', 'WRB'), 10)","((""'s"", 'VBZ'), 9)","(('have', 'VBP'), 9)","(('meeting', 'NN'), 7)","(('myself', 'PRP'), 7)","(('pot', 'NN'), 7)","(('even', 'RB'), 7)"
VULNERABILITY / worthy,"(('I', 'PRP'), 15)","(('was', 'VBD'), 4)","(('am', 'VBP'), 4)","(('it', 'PRP'), 4)","(('life', 'NN'), 3)","(('my', 'PRP$'), 3)","(('not', 'RB'), 2)","(('hardships', 'NNS'), 2)","(('hand', 'NN'), 2)","(('I¡¯m', 'NNP'), 2)","(('felt', 'VBD'), 2)","(('hard', 'JJ'), 2)","(('worthy', 'JJ'), 2)","(('another¡¯s', 'JJ'), 1)","(('Even', 'RB'), 1)","(('troubling', 'JJ'), 1)","(('get', 'VB'), 1)","(('okay', 'RB'), 1)","(('Earth', 'NN'), 1)","(('work', 'NN'), 1)"
WARNINGS / Avoid triggers,"(('I', 'PRP'), 129)","(('my', 'PRP$'), 60)","(('it', 'PRP'), 35)","(('me', 'PRP'), 32)","(('is', 'VBZ'), 27)","(('was', 'VBD'), 24)","(('could', 'MD'), 16)","(('myself', 'PRP'), 16)","(('going', 'VBG'), 14)","(('have', 'VBP'), 14)","((""n't"", 'RB'), 14)","(('them', 'PRP'), 14)","(('am', 'VBP'), 14)","(('are', 'VBP'), 13)","(('not', 'RB'), 13)","((""'m"", 'VBP'), 12)","(('that', 'WDT'), 12)","(('addiction', 'NN'), 11)","(('be', 'VB'), 10)","(('triggers', 'NNS'), 10)"
WARNINGS / Relapse & tools,"(('I', 'PRP'), 50)","(('have', 'VBP'), 7)","(('my', 'PRP$'), 6)","(('had', 'VBD'), 5)","(('was', 'VBD'), 5)","(('me', 'PRP'), 5)","(('would', 'MD'), 4)","(('still', 'RB'), 4)","(('just', 'RB'), 4)","(('use', 'VB'), 3)","(('do', 'VBP'), 3)","(('don¡¯t', 'VBP'), 3)","(('not', 'RB'), 3)","(('be', 'VB'), 3)","(('drug', 'NN'), 3)","(('were', 'VBD'), 3)","(('wanted', 'VBD'), 3)","(('it', 'PRP'), 3)","(('myself', 'PRP'), 3)","(('much', 'JJ'), 2)"
WARNINGS / self aware & listen,"(('I', 'PRP'), 113)","(('my', 'PRP$'), 58)","(('is', 'VBZ'), 34)","(('me', 'PRP'), 31)","(('it', 'PRP'), 23)","(('can', 'MD'), 15)","(('not', 'RB'), 14)","(('was', 'VBD'), 13)","(('be', 'VB'), 10)","(('myself', 'PRP'), 10)","(('when', 'WRB'), 9)","(('would', 'MD'), 9)","(('am', 'VBP'), 9)","(('get', 'VB'), 8)","(('them', 'PRP'), 8)","(('what', 'WP'), 7)","(('will', 'MD'), 7)","(('way', 'NN'), 7)","(('that', 'WDT'), 7)","(('have', 'VB'), 7)"
WORTHINESS / connections & sharing,"(('I', 'PRP'), 187)","(('my', 'PRP$'), 57)","(('me', 'PRP'), 35)","(('it', 'PRP'), 31)","(('was', 'VBD'), 30)","(('them', 'PRP'), 19)","(('not', 'RB'), 15)","(('people', 'NNS'), 15)","(('is', 'VBZ'), 15)","(('had', 'VBD'), 14)","(('am', 'VBP'), 13)","(('be', 'VB'), 12)","(('friends', 'NNS'), 12)","(('they', 'PRP'), 12)","(('life', 'NN'), 11)","(('could', 'MD'), 11)","(('recovery', 'NN'), 11)","(('have', 'VBP'), 11)","(('myself', 'PRP'), 11)","(('did', 'VBD'), 11)"
WORTHINESS / deserve & rewards,"(('I', 'PRP'), 19)","(('my', 'PRP$'), 13)","(('am', 'VBP'), 8)","(('it', 'PRP'), 7)","(('be', 'VB'), 5)","(('addict', 'NN'), 5)","(('is', 'VBZ'), 4)","(('thoughts', 'NNS'), 3)","(('myself', 'PRP'), 3)","(('own', 'JJ'), 3)","(('positive', 'JJ'), 3)","(('build', 'VB'), 2)","(('conducive', 'JJ'), 2)","(('living', 'VBG'), 2)","(('thinking', 'NN'), 2)","(('new', 'JJ'), 2)","(('very', 'RB'), 2)","(('always', 'RB'), 2)","(('self-confidence', 'NN'), 2)","(('helpful', 'JJ'), 2)"
WORTHINESS / help,"(('I', 'PRP'), 31)","(('my', 'PRP$'), 16)","(('me', 'PRP'), 10)","(('not', 'RB'), 9)","(('am', 'VBP'), 7)","(('is', 'VBZ'), 6)","(('help', 'NN'), 6)","(('recovery', 'NN'), 6)","(('when', 'WRB'), 5)","(('have', 'VBP'), 5)","(('are', 'VBP'), 5)","(('friends', 'NNS'), 4)","(('was', 'VBD'), 4)","(('strong', 'JJ'), 3)","(('call', 'VB'), 3)","(('alone', 'RB'), 3)","(('life', 'NN'), 3)","(('ask', 'VB'), 3)","(('we', 'PRP'), 3)","(('hand', 'NN'), 3)"
WORTHINESS / new life & future,"(('I', 'PRP'), 91)","(('my', 'PRP$'), 27)","(('life', 'NN'), 19)","(('was', 'VBD'), 16)","(('am', 'VBP'), 15)","(('have', 'VBP'), 13)","(('is', 'VBZ'), 12)","(('not', 'RB'), 11)","(('be', 'VB'), 9)","(('you', 'PRP'), 9)","(('time', 'NN'), 9)","(('can', 'MD'), 9)","(('it', 'PRP'), 9)","(('clean', 'JJ'), 7)","(('me', 'PRP'), 7)","(('being', 'VBG'), 6)","(('how', 'WRB'), 6)","(('get', 'VB'), 6)","(('It', 'PRP'), 6)","(('yourself', 'PRP'), 5)"
WORTHINESS / self love & acceptance,"(('I', 'PRP'), 80)","(('my', 'PRP$'), 25)","(('am', 'VBP'), 22)","(('me', 'PRP'), 15)","(('myself', 'PRP'), 11)","(('is', 'VBZ'), 8)","(('addiction', 'NN'), 8)","(('inner', 'JJ'), 7)","(('peace', 'NN'), 7)","(('who', 'WP'), 6)","(('not', 'RB'), 6)","(('was', 'VBD'), 6)","(('reach', 'VB'), 5)","(('feelings', 'NNS'), 5)","(('have', 'VBP'), 5)","(('they', 'PRP'), 5)","(('got', 'VBD'), 5)","(('could', 'MD'), 4)","(('their', 'PRP$'), 4)","(('never', 'RB'), 4)"
